id,gene
amino-g0001_aac2-Ia,aac(2')-Ia
amino-g0002_aac2-Ib,aac(2')-Ib
amino-g0003_aac2-Ic,aac(2')-Ic
amino-g0005_aac3-IIe,aac(3')-IIe
amino-g0006_aac3-Ia_a,aac(3)-Ia_a
amino-g0007_aac3-Ia_b,aac(3)-Ia_b
amino-g0008_aac3-Ib,aac(3)-Ib
amino-g0009_aac3-Ib_aac6-Ib,aac(3)-Ib_aac(6')-Ib
amino-g0010_aac3-Ic,aac(3)-Ic
amino-g0011_aac3-Id,aac(3)-Id
amino-g0014_aac3-IIa,aac(3)-IIa
amino-g0015_aac3-IIb,aac(3)-IIb
amino-g0016_aac3-IIc,aac(3)-IIc 
amino-g0017_aac3-IIIa,aac(3)-IIIa
amino-g0018_aac3-IIIb,aac(3)-IIIb
amino-g0019_aac3-IIIc,aac(3)-IIIc
amino-g0020_aac3-IVa,aac(3)-IVa
amino-g0021_aac3-IXa,aac(3)-IXa 
amino-g0022_aac3-VIa_a,aac(3)-VIa_a
amino-g0024_aac3-VIa_c,aac(3)-VIa_c
amino-g0025_aac3-VIIa,aac(3)-VIIa
amino-g0026_aac3-VIIIa,aac(3)-VIIIa
amino-g0027_aac3-Xa,aac(3)-Xa
amino-g0028_aac6-29a,aac(6')-29a
amino-g0070_aac6-Il,aac(6')-Il
amino-g0029_aac6-29b,aac(6')-29b
amino-g0030_aac6-30_aac6-Ib,aac(6')-30_aac(6')-Ib'
amino-g0031_aac6-31,aac(6')-31
amino-g0032_aac6-32,aac(6')-32
amino-g0033_aac6-33,aac(6')-33
amino-g0034_aac6-Ie,aac(6')-Ie
amino-g0035_aac6-I30,aac(6')-I30
amino-g0036_aac6-Ia,aac(6')-Ia
amino-g0039_aac6-Iaa,aac(6')-Iaa
amino-g0040_aac6-Iad,aac(6')-Iad
amino-g0041_aac6-Iae,aac(6')-Iae
amino-g0042_aac6-Iaf,aac(6')-Iaf
amino-g0043_aac6-Iai,aac(6')-Iai
amino-g0044_aac6-Ib_a,aac(6')-Ib_a
amino-g0045_aac6-Ib,aac(6')-Ib'
amino-g0047_aac6-Ib_c,aac(6')-Ib_c
amino-g0049_aac6-Ib11,aac(6')-Ib11
amino-g0050_aac6-Ib3,aac(6')-Ib3
amino-g0051_aac6-Ib4,aac(6')-Ib4
amino-g0054_aac6-Ib9,aac(6')-Ib9
amino-g0055_aac6-Ib-Hangzhou,aac(6')-Ib-Hangzhou
amino-g0056_aac6-Ib-Suzhou,aac(6')-Ib-Suzhou
amino-g0057_aac6-Ic,aac(6')-Ic
amino-g0059_aac6-If,aac(6')-If
amino-g0060_aac6-Ig,aac(6')-Ig
amino-g0061_aac6-Ih,aac(6')-Ih
amino-g0062_aac6-Ii,aac(6')-Ii
amino-g0063_aac6-IIa,aac(6')-IIa
amino-g0064_aac6-IIb,aac(6')-IIb
amino-g0065_aac6-IIc,aac(6')-IIc
amino-g0066_aac6-Iid,aac(6')-Iid
amino-g0067_aac6-Iih,aac(6')-Iih
amino-g0068_aac6-Ij,aac(6')-Ij
amino-g0069_aac6-Ik,aac(6')-Ik
amino-g0071_aac6-Ip,aac(6')-Ip
amino-g0072_aac6-Im,aac(6')-Im
amino-g0073_aac6-Iq,aac(6')-Iq
amino-g0074_aac6-Ir,aac(6')-Ir
amino-g0075_aac6-Is,aac(6')-Is
amino-g0076_aac6-Isa,aac(6')-Isa
amino-g0077_aac6-It,aac(6')-It
amino-g0078_aac6-Iu,aac(6')-Iu
amino-g0079_aac6-Iv,aac(6')-Iv
amino-g0080_aac6-Iw,aac(6')-Iw
amino-g0081_aac6-Ix,aac(6')-Ix
amino-g0082_aac6-Iy,aac(6')-Iy
amino-g0083_aac6-Iz,aac(6')-Iz
amino-g0084_aac6-sk,aac(6')-sk
amino-g0085_aad6_a,aad(6)_a
amino-g0086_aad6_b,aad(6)_b
amino-g0088_aadA10,aadA10
amino-g0089_aadA11_a,aadA11_a
amino-g0090_aadA11_b,aadA11_b
amino-g0091_aadA12,aadA12
amino-g0092_aadA13,aadA13
amino-g0093_aadA14,aadA14
amino-g0094_aadA15,aadA15
amino-g0095_aadA16,aadA16
amino-g0096_aadA17,aadA17
amino-g0097_aadA1b,aadA1b
amino-g0098_aadA2,aadA2 
amino-g0099_aadA21,aadA21
amino-g0101_aadA22,aadA22
amino-g0102_aadA23,aadA23
amino-g0103_aadA24,aadA24
amino-g0104_aadA25,aadA25
amino-g0106_aadA3,aadA3
amino-g0107_aadA4,aadA4
amino-g0108_aadA5,aadA5
amino-g0109_aadA6,aadA6
amino-g0110_aadA6_aadA10_a,aadA6_aadA10_a
amino-g0111_aadA6_aadA10_b,aadA6_aadA10_b
amino-g0112_aadA7,aadA7
amino-g0113_aadA8,aadA8
amino-g0114_aadA9,aadA9
amino-g0115_aadK,aadK
amino-g0116_ant2-Ia,ant(2'')-Ia
amino-g0117_ant3-1a,ant(3'')-1a 
amino-g0118_ant3-Ia,ant(3'')-Ia
amino-g0119_ant3-II-aac6-IId,ant(3'')-II-aac(6')-IId
amino-g0120_ant4-Ia_a,ant(4')-Ia_a
amino-g0121_ant4-Ia_b,ant(4')-Ia_b
amino-g0122_ant4-IIa,ant(4')-IIa
amino-g0123_ant4-IIb,ant(4')-IIb
amino-g0124_ant6-Ia,ant(6)-Ia 
amino-g0125_ant6-Ia_a,ant(6)-Ia_a
amino-g0127_ant6-Ia_c,ant(6)-Ia_c
amino-g0128_ant6-Ia_d,ant(6)-Ia_d
amino-g0129_ant9-Ia_a,ant(9)-Ia_a
amino-g0130_ant9-Ia_b,ant(9)-Ia_b
amino-g0132_aph2-Ie,aph(2'')-Ie
amino-g0133_aph2-IIa,aph(2'')-IIa
amino-g0134_aph2-IIIa,aph(2'')-IIIa
amino-g0135_aph2-IVa,aph(2'')-IVa
amino-g0136_aph3-Ia,aph(3')-Ia
amino-g0137_aph3-Ia,aph(3'')-Ia
amino-g0138_aph3-Ib,aph(3')-Ib
amino-g0139_aph3-Ib,aph(3'')-Ib 
amino-g0140_aph3-Ic,aph(3')-Ic
amino-g0141_aph3-Ic,aph(3'')-Ic
amino-g0142_aph3-IIa,aph(3')-IIa
amino-g0143_aph3-IIb,aph(3')-IIb
amino-g0145_aph3-IIIa,aph(3')-IIIa
amino-g0146_aph3-IVa,aph(3')-IVa
amino-g0147_aph3-Va,aph(3')-Va
amino-g0148_aph3-Vb,aph(3')-Vb
amino-g0149_aph3-Vc,aph(3')-Vc
amino-g0150_aph3-VIa,aph(3')-VIa
amino-g0152_aph3-VIIa,aph(3')-VIIa
amino-g0153_aph4-Ia,aph(4)-Ia
amino-g0154_aph7-Ia,aph(7)-Ia
amino-g0155_aph6-Ia,aph(6)-Ia
amino-g0156_aph6-Ib,aph(6)-Ib
amino-g0157_aph6-Ic,aph(6)-Ic
amino-g0158_aph6-Id,aph(6)-Id
amino-g0160_aph9-Ia,aph(9)-Ia
amino-g0161_aph9-Ib,aph(9)-Ib
amino-g0162_armA,armA
amino-g0163_grm,grm
amino-g0164_npmA_cart,npmA (Candidatus Arthromitus)
amino-g0165_putativeaac2,putative aac(2') 
amino-g0166_rmtA,rmtA
amino-g0167_rmtB,rmtB
amino-g0168_rmtC,rmtC
amino-g0169_rmtD,rmtD
amino-g0170_rmtD2,rmtD2
amino-g0171_aac6-Ib-cr,aac(6')-Ib-cr
amino-g1978_aac3-IId,aac3-IId
betaL-g0172_ACC-1,ACC-1
betaL-g0173_ACC-2,ACC-2
betaL-g0174_ACC-3,ACC-3
betaL-g0175_ACC-4,ACC-4
betaL-g0176_ACT-1,ACT-1
betaL-g0177_ACT-10,ACT-10
betaL-g0178_ACT-12,ACT-12
betaL-g0179_ACT-14,ACT-14
betaL-g0180_ACT-15,ACT-15
betaL-g0181_ACT-16,ACT-16
betaL-g0182_ACT-2,ACT-2
betaL-g0183_ACT-3,ACT-3
betaL-g0184_ACT-4,ACT-4
betaL-g0185_ACT-5,ACT-5
betaL-g0186_ACT-6,ACT-6
betaL-g0187_ACT-7,ACT-7 
betaL-g0188_ACT-9,ACT-9
betaL-g0189_ADC-1,ADC-1
betaL-g0190_ADC-2,ADC-2
betaL-g0191_ADC-3,ADC-3
betaL-g0192_ADC-4,ADC-4
betaL-g0193_ADC-5,ADC-5
betaL-g0194_ADC-6,ADC-6
betaL-g0195_ADC-7,ADC-7
betaL-g0196_AER-1,AER-1
betaL-g0197_ampC,ampC
betaL-g0199_AST-1,AST-1
betaL-g0201_B-10,B-10
betaL-g0202_B-11,B-11
betaL-g0203_B-12,B-12
betaL-g0204_B-13,B-13
betaL-g0205_B-14,B-14
betaL-g0206_B-2,B-2
betaL-g0207_B-3,B-3
betaL-g0208_B-4,B-4
betaL-g0209_B-5,B-5
betaL-g0210_B-6,B-6
betaL-g0211_B-7,B-7
betaL-g0212_B-8,B-8
betaL-g0213_B-9,B-9
betaL-g0214_BEL-1,BEL-1
betaL-g0215_BEL-2,BEL-2
betaL-g0216_BEL-3,BEL-3
betaL-g0217_BES-1,BES-1
betaL-g0218_BIC-1,BIC-1
betaL-g0219_BIL-1,BIL-1
betaL-g0220_BRO-1,BRO-1
betaL-g0221_CARB-1,CARB-1
betaL-g0222_CARB-10,CARB-10
betaL-g0223_CARB-12-incorrect,CARB-12-incorrect
betaL-g0224_CARB-2,CARB-2
betaL-g0225_CARB-3,CARB-3
betaL-g0226_CARB-4,CARB-4
betaL-g0227_CARB-5,CARB-5
betaL-g0228_CARB-6,CARB-6
betaL-g0229_CARB-7,CARB-7
betaL-g0230_CARB-8,CARB-8
betaL-g0231_CARB-9,CARB-9
betaL-g0232_CblA,CblA
betaL-g0233_CepA,CepA
betaL-g0234_CepA-14,CepA-14
betaL-g0235_CepA-29,CepA-29
betaL-g0236_CepA-44,CepA-44
betaL-g0237_CepA-85,CepA-85
betaL-g0238_CFE-1,CFE-1
betaL-g0239_cfiA-1,cfiA-1
betaL-g0240_cfiA-10,cfiA-10
betaL-g0241_cfiA-4,cfiA-4
betaL-g0242_cfiA-12,cfiA-12
betaL-g0243_cfiA-13,cfiA-13
betaL-g0244_cfiA-14,cfiA-14
betaL-g0251_cfiA-6,cfiA-6
betaL-g0246_cfiA-16,cfiA-16
betaL-g0247_cfiA-2,cfiA-2
betaL-g0248_cfiA-3,cfiA-3
betaL-g0253_cfiA-8,cfiA-8
betaL-g0254_cfiA-9,cfiA-9
betaL-g0255_cfxA,cfxA
betaL-g0256_cfxA-3,cfxA-3
betaL-g0257_cfxA-4,cfxA-4
betaL-g0258_cfxA-5,cfxA-5
betaL-g0259_cfxA-6,cfxA-6
betaL-g0260_CGA-1,CGA-1
betaL-g0261_CGB-1,CGB-1
betaL-g0262_CIA-1,CIA-1
betaL-g0263_CIA-2,CIA-2
betaL-g0264_CIA-3,CIA-3
betaL-g0265_CIA-4,CIA-4
betaL-g0266_CKO-1,CKO-1
betaL-g0267_CME-1,CME-1
betaL-g0268_CME-2,CME-2
betaL-g0269_CMG-1,CMG-1
betaL-g0270_CMH-1,CMH-1
betaL-g0271_CMY-1,CMY-1
betaL-g0272_CMY-10,CMY-10
betaL-g0273_CMY-104,CMY-104
betaL-g0274_CMY-11,CMY-11
betaL-g0275_CMY-110,CMY-110
betaL-g0276_CMY-12,CMY-12
betaL-g0277_CMY-13,CMY-13
betaL-g0278_CMY-14,CMY-14
betaL-g0279_CMY-15,CMY-15
betaL-g0281_CMY-16,CMY-16
betaL-g0282_CMY-17,CMY-17
betaL-g0283_CMY-18,CMY-18
betaL-g0284_CMY-19,CMY-19
betaL-g0285_CMY-2,CMY-2
betaL-g0286_CMY-20,CMY-20
betaL-g0287_CMY-21,CMY-21
betaL-g0288_CMY-22,CMY-22
betaL-g0289_CMY-23,CMY-23
betaL-g0290_CMY-24,CMY-24
betaL-g0291_CMY-25,CMY-25
betaL-g0292_CMY-26,CMY-26
betaL-g0293_CMY-27,CMY-27
betaL-g0294_CMY-28,CMY-28
betaL-g0295_CMY-29,CMY-29
betaL-g0297_CMY-30,CMY-30
betaL-g0298_CMY-31,CMY-31
betaL-g0299_CMY-32,CMY-32
betaL-g0300_CMY-33,CMY-33
betaL-g0301_CMY-34,CMY-34
betaL-g0302_CMY-35,CMY-35
betaL-g0303_CMY-36,CMY-36
betaL-g0304_CMY-37,CMY-37
betaL-g0305_CMY-38,CMY-38
betaL-g0306_CMY-39,CMY-39
betaL-g0307_CMY-4,CMY-4
betaL-g0308_CMY-40,CMY-40
betaL-g0309_CMY-41,CMY-41
betaL-g0310_CMY-43,CMY-43
betaL-g0311_CMY-44,CMY-44
betaL-g0312_CMY-73,CMY-73
betaL-g0313_CMY-47,CMY-47
betaL-g0314_CMY-48,CMY-48
betaL-g0315_CMY-49,CMY-49
betaL-g0316_CMY-5,CMY-5
betaL-g0317_CMY-53,CMY-53
betaL-g0318_CMY-54,CMY-54
betaL-g0319_CMY-55,CMY-55
betaL-g0320_CMY-56,CMY-56
betaL-g0321_CMY-57,CMY-57
betaL-g0322_CMY-58,CMY-58
betaL-g0323_CMY-59,CMY-59
betaL-g0325_CMY-6,CMY-6
betaL-g0326_CMY-60,CMY-60
betaL-g0327_CMY-64,CMY-64
betaL-g0328_CMY-65,CMY-65
betaL-g0329_CMY-66,CMY-66
betaL-g0330_CMY-67,CMY-67
betaL-g0331_CMY-68,CMY-68
betaL-g0332_CMY-7,CMY-7
betaL-g0333_CMY-70,CMY-70
betaL-g0334_CMY-71,CMY-71
betaL-g0335_CMY-72,CMY-72
betaL-g0337_CMY-74,CMY-74
betaL-g0338_CMY-75,CMY-75
betaL-g0339_CMY-76,CMY-76
betaL-g0340_CMY-77,CMY-77
betaL-g0341_CMY-78,CMY-78
betaL-g0342_CMY-79,CMY-79
betaL-g0343_CMY-8,CMY-8
betaL-g0344_CMY-80,CMY-80
betaL-g0345_CMY-81,CMY-81
betaL-g0346_CMY-83,CMY-83
betaL-g0347_CMY-84,CMY-84
betaL-g0348_CMY-87,CMY-87
betaL-g0349_CMY-8b,CMY-8b
betaL-g0350_CMY-9,CMY-9
betaL-g0351_CMY-94,CMY-94
betaL-g0352_CMY-95,CMY-95
betaL-g0353_CMY-98,CMY-98
betaL-g0354_CMY-99,CMY-99
betaL-g0355_cphA-2,cphA-2
betaL-g0356_cphA-4,cphA-4
betaL-g0357_cphA-5,cphA-5
betaL-g0358_cphA-6,cphA-6
betaL-g0359_cphA-7,cphA-7
betaL-g0360_cphA-8,cphA-8
betaL-g0361_CSP-1,CSP-1
betaL-g0362_CTX-M-1,CTX-M-1
betaL-g0363_CTX-M-10,CTX-M-10
betaL-g0364_CTX-M-100,CTX-M-100
betaL-g0365_CTX-M-101,CTX-M-101
betaL-g0366_CTX-M-102,CTX-M-102
betaL-g0367_CTX-M-104,CTX-M-104
betaL-g0368_CTX-M-105,CTX-M-105
betaL-g0369_CTX-M-106,CTX-M-106
betaL-g0370_CTX-M-107,CTX-M-107
betaL-g0371_CTX-M-108,CTX-M-108
betaL-g0372_CTX-M-109,CTX-M-109
betaL-g0373_CTX-M-11,CTX-M-11
betaL-g0374_CTX-M-110,CTX-M-110
betaL-g0375_CTX-M-111,CTX-M-111
betaL-g0376_CTX-M-112,CTX-M-112
betaL-g0377_CTX-M-113,CTX-M-113
betaL-g0378_CTX-M-114,CTX-M-114
betaL-g0379_CTX-M-116,CTX-M-116
betaL-g0380_CTX-M-117,CTX-M-117
betaL-g0381_CTX-M-12,CTX-M-12
betaL-g0382_CTX-M-121,CTX-M-121
betaL-g0383_CTX-M-122,CTX-M-122
betaL-g0384_CTX-M-123,CTX-M-123
betaL-g0385_CTX-M-124,CTX-M-124
betaL-g0386_CTX-M-126,CTX-M-126
betaL-g0387_CTX-M-129,CTX-M-129
betaL-g0388_CTX-M-13,CTX-M-13
betaL-g0389_CTX-M-130,CTX-M-130
betaL-g0390_CTX-M-131,CTX-M-131
betaL-g0391_CTX-M-132,CTX-M-132
betaL-g0392_CTX-M-133,CTX-M-133
betaL-g0393_CTX-M-134,CTX-M-134
betaL-g0394_CTX-M-136,CTX-M-136
betaL-g0395_CTX-M-137,CTX-M-137
betaL-g0396_CTX-M-139,CTX-M-139
betaL-g0397_CTX-M-14,CTX-M-14
betaL-g0398_CTX-M-141,CTX-M-141
betaL-g0399_CTX-M-142,CTX-M-142
betaL-g0400_CTX-M-147,CTX-M-147
betaL-g0401_CTX-M-15,CTX-M-15
betaL-g0402_CTX-M-16,CTX-M-16
betaL-g0403_CTX-M-17,CTX-M-17
betaL-g0404_CTX-M-19,CTX-M-19
betaL-g0405_CTX-M-2,CTX-M-2
betaL-g0406_CTX-M-20,CTX-M-20
betaL-g0407_CTX-M-21,CTX-M-21
betaL-g0408_CTX-M-22,CTX-M-22
betaL-g0409_CTX-M-23,CTX-M-23
betaL-g0410_CTX-M-24,CTX-M-24
betaL-g0411_CTX-M-25,CTX-M-25
betaL-g0412_CTX-M-26,CTX-M-26
betaL-g0413_CTX-M-27,CTX-M-27
betaL-g0414_CTX-M-28,CTX-M-28
betaL-g0415_CTX-M-29,CTX-M-29
betaL-g0416_CTX-M-3,CTX-M-3
betaL-g0417_CTX-M-30,CTX-M-30
betaL-g0418_CTX-M-31,CTX-M-31
betaL-g0419_CTX-M-32,CTX-M-32
betaL-g0420_CTX-M-33,CTX-M-33
betaL-g0421_CTX-M-34,CTX-M-34
betaL-g0422_CTX-M-35,CTX-M-35
betaL-g0423_CTX-M-36,CTX-M-36
betaL-g0424_CTX-M-37,CTX-M-37
betaL-g0425_CTX-M-38,CTX-M-38
betaL-g0426_CTX-M-39,CTX-M-39
betaL-g0438_CTX-M-5,CTX-M-5
betaL-g0427_CTX-M-4,CTX-M-4
betaL-g0428_CTX-M-40,CTX-M-40
betaL-g0429_CTX-M-41,CTX-M-41
betaL-g0430_CTX-M-42,CTX-M-42
betaL-g0431_CTX-M-43,CTX-M-43
betaL-g0432_CTX-M-44,CTX-M-44
betaL-g0433_CTX-M-45,CTX-M-45
betaL-g0434_CTX-M-46,CTX-M-46
betaL-g0435_CTX-M-47,CTX-M-47
betaL-g0436_CTX-M-48,CTX-M-48
betaL-g0437_CTX-M-49,CTX-M-49
betaL-g0439_CTX-M-50,CTX-M-50
betaL-g0440_CTX-M-51,CTX-M-51
betaL-g0441_CTX-M-52,CTX-M-52
betaL-g0442_CTX-M-53,CTX-M-53
betaL-g0443_CTX-M-54,CTX-M-54
betaL-g0444_CTX-M-55,CTX-M-55
betaL-g0445_CTX-M-56,CTX-M-56
betaL-g0446_CTX-M-58,CTX-M-58
betaL-g0447_CTX-M-59,CTX-M-59
betaL-g0448_CTX-M-6,CTX-M-6
betaL-g0449_CTX-M-60,CTX-M-60
betaL-g0450_CTX-M-61,CTX-M-61
betaL-g0451_CTX-M-62,CTX-M-62
betaL-g0452_CTX-M-63,CTX-M-63
betaL-g0453_CTX-M-64,CTX-M-64
betaL-g0454_CTX-M-65,CTX-M-65
betaL-g0455_CTX-M-66,CTX-M-66
betaL-g0456_CTX-M-67,CTX-M-67
betaL-g0457_CTX-M-68,CTX-M-68
betaL-g0458_CTX-M-69,CTX-M-69
betaL-g0459_CTX-M-7,CTX-M-7
betaL-g0460_CTX-M-71,CTX-M-71
betaL-g0461_CTX-M-72,CTX-M-72
betaL-g0462_CTX-M-74,CTX-M-74
betaL-g0463_CTX-M-75,CTX-M-75
betaL-g0464_CTX-M-76,CTX-M-76
betaL-g0465_CTX-M-77,CTX-M-77
betaL-g0466_CTX-M-78,CTX-M-78
betaL-g0467_CTX-M-79,CTX-M-79
betaL-g0468_CTX-M-8,CTX-M-8
betaL-g0469_CTX-M-80,CTX-M-80
betaL-g0470_CTX-M-81,CTX-M-81
betaL-g0471_CTX-M-82,CTX-M-82
betaL-g0472_CTX-M-83,CTX-M-83
betaL-g0473_CTX-M-84,CTX-M-84
betaL-g0474_CTX-M-85,CTX-M-85
betaL-g0475_CTX-M-86,CTX-M-86
betaL-g0476_CTX-M-87,CTX-M-87
betaL-g0477_CTX-M-88,CTX-M-88
betaL-g0478_CTX-M-89,CTX-M-89
betaL-g0479_CTX-M-9,CTX-M-9
betaL-g0480_CTX-M-90,CTX-M-90
betaL-g0481_CTX-M-91,CTX-M-91
betaL-g0482_CTX-M-92,CTX-M-92
betaL-g0483_CTX-M-93,CTX-M-93
betaL-g0484_CTX-M-94,CTX-M-94
betaL-g0485_CTX-M-95,CTX-M-95
betaL-g0486_CTX-M-96,CTX-M-96
betaL-g0487_CTX-M-97,CTX-M-97
betaL-g0488_CTX-M-98,CTX-M-98
betaL-g0489_CTX-M-99,CTX-M-99
betaL-g0490_DES-1,DES-1
betaL-g0491_DHA-1,DHA-1
betaL-g0492_DHA-12,DHA-12
betaL-g0493_DHA-2,DHA-2
betaL-g0494_DHA-3,DHA-3
betaL-g0495_DHA-5,DHA-5
betaL-g0496_DHA-6,DHA-6
betaL-g0497_DHA-7,DHA-7
betaL-g0498_DIM-1,DIM-1
betaL-g0499_EBR-1,EBR-1
betaL-g0500_ERP-1,ERP-1
betaL-g0501_FAR-1,FAR-1
betaL-g0502_FIM-1,FIM-1
betaL-g0503_FONA-1,FONA-1
betaL-g0504_FONA-2,FONA-2
betaL-g0505_FONA-3,FONA-3
betaL-g0506_FONA-4,FONA-4
betaL-g0507_FONA-5,FONA-5
betaL-g0508_FONA-6,FONA-6
betaL-g0509_FOX-1,FOX-1
betaL-g0510_FOX-10,FOX-10
betaL-g0511_FOX-2,FOX-2
betaL-g0512_FOX-3,FOX-3
betaL-g0513_FOX-4,FOX-4
betaL-g0514_FOX-5,FOX-5
betaL-g0515_FOX-6,FOX-6
betaL-g0516_FOX-7,FOX-7
betaL-g0517_FOX-8,FOX-8
betaL-g0518_FOX-9,FOX-9
betaL-g0519_OXA-85,OXA-85
betaL-g0520_GES-1,GES-1
betaL-g0521_GES-10,GES-10
betaL-g0522_GES-11,GES-11
betaL-g0523_GES-12,GES-12
betaL-g0524_GES-13,GES-13
betaL-g0525_GES-14,GES-14
betaL-g0526_GES-15,GES-15
betaL-g0527_GES-16,GES-16
betaL-g0528_GES-17,GES-17
betaL-g0529_GES-18,GES-18
betaL-g0530_GES-19,GES-19
betaL-g0531_GES-2,GES-2
betaL-g0532_GES-20,GES-20
betaL-g0533_GES-21,GES-21
betaL-g0534_GES-22,GES-22
betaL-g0535_GES-23,GES-23
betaL-g0536_GES-3,GES-3
betaL-g0537_GES-4,GES-4
betaL-g0538_GES-5,GES-5
betaL-g0539_GES-6,GES-6
betaL-g0540_GES-7,GES-7
betaL-g0570_IBC-1,IBC-1
betaL-g0541_GES-8,GES-8
betaL-g0571_IBC-2,IBC-2
betaL-g0542_GES-9,GES-9
betaL-g0543_GIM-1,GIM-1
betaL-g0545_GOB-1,GOB-1
betaL-g0546_GOB-10,GOB-10
betaL-g0547_GOB-11,GOB-11
betaL-g0548_GOB-12,GOB-12
betaL-g0549_GOB-13,GOB-13
betaL-g0550_GOB-14,GOB-14
betaL-g0551_GOB-15,GOB-15
betaL-g0552_GOB-16,GOB-16
betaL-g0553_GOB-17,GOB-17
betaL-g0554_GOB-18,GOB-18
betaL-g0555_GOB-2,GOB-2
betaL-g0556_GOB-3,GOB-3
betaL-g0557_GOB-6,GOB-6
betaL-g0558_GOB-7,GOB-7
betaL-g0560_GOB-9,GOB-9
betaL-g0559_GOB-8,GOB-8
betaL-g0561_HERA-1,HERA-1
betaL-g0562_HERA-2,HERA-2
betaL-g0563_HERA-3,HERA-3
betaL-g0564_HERA-4,HERA-4
betaL-g0565_HERA-5,HERA-5
betaL-g0566_HERA-6,HERA-6
betaL-g0568_HERA-8,HERA-8
betaL-g0569_hugA,hugA
betaL-g0573_IMI-1,IMI-1
betaL-g0574_IMI-2,IMI-2
betaL-g0576_IMI-3,IMI-3
betaL-g0578_IMI-4,IMI-4
betaL-g0579_IMP-1,IMP-1
betaL-g0580_IMP-10,IMP-10
betaL-g0581_IMP-11,IMP-11
betaL-g0582_IMP-12,IMP-12
betaL-g0583_IMP-13,IMP-13
betaL-g0584_IMP-14,IMP-14
betaL-g0585_IMP-15,IMP-15
betaL-g0586_IMP-16,IMP-16
betaL-g0587_IMP-18,IMP-18
betaL-g0588_IMP-19,IMP-19
betaL-g0589_IMP-2,IMP-2
betaL-g0590_IMP-20,IMP-20
betaL-g0591_IMP-21,IMP-21
betaL-g0592_IMP-22,IMP-22
betaL-g0593_IMP-24,IMP-24
betaL-g0594_IMP-25,IMP-25
betaL-g0595_IMP-26,IMP-26
betaL-g0596_IMP-27,IMP-27
betaL-g0597_IMP-28,IMP-28
betaL-g0598_IMP-29,IMP-29
betaL-g0599_IMP-3,IMP-3
betaL-g0600_IMP-30,IMP-30
betaL-g0601_IMP-31,IMP-31
betaL-g0602_IMP-32,IMP-32
betaL-g0603_IMP-33,IMP-33
betaL-g0604_IMP-34,IMP-34
betaL-g0605_IMP-35,IMP-35
betaL-g0606_IMP-37,IMP-37
betaL-g0607_IMP-38,IMP-38
betaL-g0608_IMP-4,IMP-4
betaL-g0609_IMP-40,IMP-40
betaL-g0610_IMP-41,IMP-41
betaL-g0611_IMP-42,IMP-42
betaL-g0612_IMP-43,IMP-43
betaL-g0613_IMP-44,IMP-44
betaL-g0614_IMP-5,IMP-5
betaL-g0615_IMP-6,IMP-6
betaL-g0616_IMP-7,IMP-7
betaL-g0617_IMP-8,IMP-8
betaL-g0618_IMP-9,IMP-9
betaL-g0619_IND-1,IND-1
betaL-g0620_IND-10,IND-10
betaL-g0621_IND-11,IND-11
betaL-g0622_IND-12,IND-12
betaL-g0623_IND-14,IND-14
betaL-g0624_IND-15,IND-15
betaL-g0625_IND-2,IND-2
betaL-g0626_IND-2a,IND-2a
betaL-g0627_IND-3,IND-3
betaL-g0628_IND-4,IND-4
betaL-g0629_IND-5,IND-5
betaL-g0630_IND-6,IND-6
betaL-g0631_IND-7,IND-7
betaL-g0632_IND-8,IND-8
betaL-g0633_IND-9,IND-9
betaL-g0634_JOHN-1,JOHN-1
betaL-g0635_KHM-1,KHM-1
betaL-g0637_KLUC-2,KLUC-2
betaL-g0638_KLUG-1,KLUG-1
betaL-g0639_KPC-10,KPC-10
betaL-g0640_KPC-11,KPC-11
betaL-g0641_KPC-13,KPC-13
betaL-g0643_KPC-14,KPC-14
betaL-g0644_KPC-15,KPC-15
betaL-g0645_KPC-16,KPC-16
betaL-g0646_KPC-17,KPC-17
betaL-g0647_KPC-2,KPC-2
betaL-g0648_KPC-3,KPC-3
betaL-g0650_KPC-5,KPC-5
betaL-g0651_KPC-6,KPC-6
betaL-g0652_KPC-7,KPC-7
betaL-g0653_KPC-8,KPC-8
betaL-g0654_KPC-9,KPC-9
betaL-g0655_L-1,L-1
betaL-g0656_L-2,L-2
betaL-g0657_LAP-1,LAP-1
betaL-g0658_LAP-2,LAP-2
betaL-g0659_LAT-1,LAT-1
betaL-g0661_LEN-1,LEN-1
betaL-g0662_LEN-10,LEN-10
betaL-g0663_LEN-11,LEN-11
betaL-g0664_LEN-12,LEN-12
betaL-g0665_LEN-13,LEN-13
betaL-g0666_LEN-14,LEN-14
betaL-g0667_LEN-15,LEN-15
betaL-g0668_LEN-16,LEN-16
betaL-g0669_LEN-18,LEN-18
betaL-g0670_LEN-19,LEN-19
betaL-g0671_LEN-2,LEN-2
betaL-g0672_LEN-20,LEN-20
betaL-g0673_LEN-21,LEN-21
betaL-g0674_LEN-22,LEN-22
betaL-g0675_LEN-23,LEN-23
betaL-g0676_LEN-24,LEN-24
betaL-g0677_LEN-3,LEN-3
betaL-g0678_LEN-4,LEN-4
betaL-g0679_LEN-5,LEN-5
betaL-g0680_LEN-6,LEN-6
betaL-g0681_LEN-7,LEN-7
betaL-g0682_LEN-8,LEN-8
betaL-g0683_LEN-9,LEN-9
betaL-g0684_LUT-1,LUT-1
betaL-g0685_M-1,M-1
betaL-g0686_MAL-1,MAL-1
betaL-g0687_MAL-2,MAL-2
betaL-g0688_MIR-1,MIR-1
betaL-g0689_MIR-2,MIR-2
betaL-g0690_MIR-3,MIR-3
betaL-g0691_MIR-4,MIR-4
betaL-g0692_MIR-5,MIR-5
betaL-g0693_MIR-6,MIR-6
betaL-g0695_MOR-2,MOR-2
betaL-g0696_MOX-1,MOX-1
betaL-g0697_MOX-2,MOX-2
betaL-g0698_MOX-3,MOX-3
betaL-g0699_MOX-4,MOX-4
betaL-g0700_MOX-5,MOX-5
betaL-g0701_MOX-6,MOX-6
betaL-g0702_MOX-7,MOX-7
betaL-g0703_MUS-1,MUS-1
betaL-g0704_NDM-1,NDM-1
betaL-g0705_NDM-10,NDM-10
betaL-g0706_NDM-2,NDM-2
betaL-g0707_NDM-3,NDM-3
betaL-g0708_NDM-4,NDM-4
betaL-g0709_NDM-5,NDM-5
betaL-g0710_NDM-6,NDM-6
betaL-g0711_NDM-7,NDM-7
betaL-g0712_NDM-8,NDM-8
betaL-g0713_NDM-9,NDM-9
betaL-g0714_NMC-A,NMC-A
betaL-g0715_NPS-1,NPS-1
betaL-g0716_OCH-2,OCH-2
betaL-g0717_OCH-3,OCH-3
betaL-g0718_OCH-4,OCH-4
betaL-g0719_OCH-5,OCH-5
betaL-g0720_OCH-6,OCH-6
betaL-g0721_OCH-7,OCH-7
betaL-g0722_OCH-8,OCH-8
betaL-g0723_OHIO-1,OHIO-1
betaL-g0724_OKP-A-1,OKP-A-1
betaL-g0725_OKP-A-10,OKP-A-10
betaL-g0726_OKP-A-11,OKP-A-11
betaL-g0727_OKP-A-12,OKP-A-12
betaL-g0728_OKP-A-13,OKP-A-13
betaL-g0729_OKP-A-14,OKP-A-14
betaL-g0730_OKP-A-15,OKP-A-15
betaL-g0731_OKP-A-16,OKP-A-16
betaL-g0732_OKP-A-2,OKP-A-2
betaL-g0733_OKP-A-3,OKP-A-3
betaL-g0734_OKP-A-4,OKP-A-4
betaL-g0735_OKP-A-5,OKP-A-5
betaL-g0736_OKP-A-6,OKP-A-6
betaL-g0737_OKP-A-7,OKP-A-7
betaL-g0738_OKP-A-8,OKP-A-8
betaL-g0739_OKP-A-9,OKP-A-9
betaL-g0740_OKP-B-1,OKP-B-1
betaL-g0741_OKP-B-10,OKP-B-10
betaL-g0742_OKP-B-11,OKP-B-11
betaL-g0743_OKP-B-12,OKP-B-12
betaL-g0744_OKP-B-13,OKP-B-13
betaL-g0745_OKP-B-14,OKP-B-14
betaL-g0746_OKP-B-15,OKP-B-15
betaL-g0748_OKP-B-17,OKP-B-17
betaL-g0749_OKP-B-18,OKP-B-18
betaL-g0750_OKP-B-19,OKP-B-19
betaL-g0751_OKP-B-2,OKP-B-2
betaL-g0752_OKP-B-20,OKP-B-20
betaL-g0753_OKP-B-3,OKP-B-3
betaL-g0754_OKP-B-4,OKP-B-4
betaL-g0755_OKP-B-5,OKP-B-5
betaL-g0756_OKP-B-6,OKP-B-6
betaL-g0757_OKP-B-7,OKP-B-7
betaL-g0758_OKP-B-8,OKP-B-8
betaL-g0759_OKP-B-9,OKP-B-9
betaL-g0760_ompK35,ompK35
betaL-g0761_ompK36,ompK36
betaL-g0762_OXA-1,OXA-1
betaL-g0763_OXA-10,OXA-10
betaL-g0764_OXA-100,OXA-100
betaL-g0765_OXA-101,OXA-101
betaL-g0768_OXA-104,OXA-104
betaL-g0770_OXA-106,OXA-106
betaL-g0771_OXA-107,OXA-107
betaL-g0772_OXA-108,OXA-108
betaL-g0773_OXA-109,OXA-109
betaL-g0774_OXA-11,OXA-11
betaL-g0775_OXA-110,OXA-110
betaL-g0776_OXA-111,OXA-111
betaL-g0777_OXA-112,OXA-112
betaL-g0778_OXA-113,OXA-113
betaL-g0779_OXA-114a,OXA-114a
betaL-g0780_OXA-115,OXA-115
betaL-g0781_OXA-116,OXA-116
betaL-g0782_OXA-117-incorrect,OXA-117-incorrect
betaL-g0783_OXA-118,OXA-118
betaL-g0784_OXA-119,OXA-119
betaL-g0785_OXA-12,OXA-12
betaL-g0786_OXA-120,OXA-120
betaL-g0787_OXA-128,OXA-128
betaL-g0788_OXA-129,OXA-129
betaL-g0789_OXA-13,OXA-13
betaL-g0790_OXA-130,OXA-130
betaL-g0791_OXA-131,OXA-131
betaL-g0792_OXA-132,OXA-132
betaL-g0793_OXA-133,OXA-133
betaL-g0794_OXA-134,OXA-134
betaL-g0795_OXA-136,OXA-136
betaL-g0796_OXA-137,OXA-137
betaL-g0797_OXA-138,OXA-138
betaL-g0798_OXA-139,OXA-139
betaL-g0799_OXA-14-incorrect,OXA-14-incorrect
betaL-g0800_OXA-141,OXA-141
betaL-g0801_OXA-142,OXA-142
betaL-g0802_OXA-143,OXA-143
betaL-g0803_OXA-144,OXA-144
betaL-g0804_OXA-145,OXA-145
betaL-g0805_OXA-146,OXA-146
betaL-g0806_OXA-147,OXA-147
betaL-g0807_OXA-148,OXA-148
betaL-g0808_OXA-149,OXA-149
betaL-g0809_OXA-15,OXA-15
betaL-g0810_OXA-150,OXA-150
betaL-g0811_OXA-16,OXA-16
betaL-g0812_OXA-160,OXA-160
betaL-g0813_OXA-161,OXA-161
betaL-g0814_OXA-162,OXA-162
betaL-g0815_OXA-163,OXA-163
betaL-g0816_OXA-164,OXA-164
betaL-g0817_OXA-165,OXA-165
betaL-g0818_OXA-166,OXA-166
betaL-g0819_OXA-167,OXA-167
betaL-g0820_OXA-168,OXA-168
betaL-g0821_OXA-169,OXA-169
betaL-g0822_OXA-17 - incorrect,OXA-17 - incorrect
betaL-g0823_OXA-170,OXA-170
betaL-g0824_OXA-171,OXA-171
betaL-g0825_OXA-172,OXA-172
betaL-g0826_OXA-173,OXA-173
betaL-g0827_OXA-174,OXA-174
betaL-g0828_OXA-175,OXA-175
betaL-g0829_OXA-176,OXA-176
betaL-g0830_OXA-177,OXA-177
betaL-g0831_OXA-178,OXA-178
betaL-g0832_OXA-179,OXA-179
betaL-g0833_OXA-18,OXA-18
betaL-g0834_OXA-180,OXA-180
betaL-g0835_OXA-181,OXA-181
betaL-g0836_OXA-182,OXA-182
betaL-g0837_OXA-183,OXA-183
betaL-g0842_OXA-19,OXA-19
betaL-g0845_OXA-192,OXA-192
betaL-g0846_OXA-194,OXA-194
betaL-g0847_OXA-195,OXA-195
betaL-g0848_OXA-196,OXA-196
betaL-g0849_OXA-197,OXA-197
betaL-g0850_OXA-198,OXA-198
betaL-g0851_OXA-199,OXA-199
betaL-g0852_OXA-2,OXA-2
betaL-g0853_OXA-20-incorrect,OXA-20-incorrect
betaL-g0854_OXA-200,OXA-200
betaL-g0855_OXA-201,OXA-201
betaL-g0856_OXA-202,OXA-202
betaL-g0857_OXA-203,OXA-203
betaL-g0858_OXA-204,OXA-204
betaL-g0859_OXA-205,OXA-205
betaL-g0860_OXA-206,OXA-206
betaL-g0861_OXA-207,OXA-207
betaL-g0862_OXA-208,OXA-208
betaL-g0863_OXA-209,OXA-209
betaL-g0864_OXA-21,OXA-21
betaL-g0865_OXA-210,OXA-210
betaL-g0866_OXA-211,OXA-211
betaL-g0867_OXA-212,OXA-212
betaL-g0868_OXA-213,OXA-213
betaL-g0869_OXA-214,OXA-214
betaL-g0870_OXA-215,OXA-215
betaL-g0871_OXA-216,OXA-216
betaL-g0872_OXA-217,OXA-217
betaL-g0873_OXA-219,OXA-219
betaL-g0874_OXA-22,OXA-22
betaL-g0875_OXA-223,OXA-223
betaL-g0876_OXA-224,OXA-224
betaL-g0877_OXA-225,OXA-225
betaL-g0878_OXA-228,OXA-228
betaL-g0879_OXA-229,OXA-229
betaL-g0880_OXA-23,OXA-23
betaL-g0881_OXA-230,OXA-230
betaL-g0882_OXA-231,OXA-231
betaL-g0883_OXA-232,OXA-232
betaL-g0884_OXA-235,OXA-235
betaL-g0885_OXA-236,OXA-236
betaL-g0886_OXA-237,OXA-237
betaL-g0887_OXA-239,OXA-239
betaL-g0888_OXA-24,OXA-24
betaL-g0889_OXA-240,OXA-240
betaL-g0890_OXA-241,OXA-241
betaL-g0891_OXA-242,OXA-242
betaL-g0892_OXA-243,OXA-243
betaL-g0893_OXA-244,OXA-244
betaL-g0894_OXA-245,OXA-245
betaL-g0895_OXA-247,OXA-247
betaL-g0896_OXA-248,OXA-248
betaL-g0897_OXA-249,OXA-249
betaL-g0898_OXA-25,OXA-25
betaL-g0899_OXA-250,OXA-250
betaL-g0900_OXA-251,OXA-251
betaL-g0901_OXA-253,OXA-253
betaL-g0902_OXA-254,OXA-254
betaL-g0903_OXA-255,OXA-255
betaL-g0904_OXA-256,OXA-256
betaL-g0905_OXA-257,OXA-257
betaL-g0906_OXA-258,OXA-258
betaL-g0908_OXA-26,OXA-26
betaL-g0919_OXA-27,OXA-27
betaL-g0928_OXA-278,OXA-278
betaL-g0930_OXA-28,OXA-28
betaL-g0941_OXA-29,OXA-29
betaL-g0952_OXA-3,OXA-3
betaL-g0962_OXA-309,OXA-309
betaL-g0963_OXA-31,OXA-31
betaL-g0964_OXA-312,OXA-312
betaL-g0965_OXA-313,OXA-313
betaL-g0966_OXA-314,OXA-314
betaL-g0967_OXA-315,OXA-315
betaL-g0968_OXA-316,OXA-316
betaL-g0969_OXA-317,OXA-317
betaL-g0970_OXA-32,OXA-32
betaL-g0971_OXA-320,OXA-320
betaL-g0972_OXA-322,OXA-322
betaL-g0973_OXA-323,OXA-323
betaL-g0974_OXA-324,OXA-324
betaL-g0975_OXA-325,OXA-325
betaL-g0976_OXA-326,OXA-326
betaL-g0977_OXA-327,OXA-327
betaL-g0978_OXA-328,OXA-328
betaL-g0979_OXA-329,OXA-329
betaL-g0980_OXA-33,OXA-33
betaL-g0981_OXA-330,OXA-330
betaL-g0982_OXA-331,OXA-331
betaL-g0983_OXA-332,OXA-332
betaL-g0984_OXA-333,OXA-333
betaL-g0985_OXA-334,OXA-334
betaL-g0986_OXA-335,OXA-335
betaL-g0987_OXA-34,OXA-34
betaL-g0988_OXA-347,OXA-347
betaL-g0989_OXA-348,OXA-348
betaL-g0990_OXA-349,OXA-349
betaL-g0991_OXA-35,OXA-35
betaL-g0992_OXA-350,OXA-350
betaL-g0993_OXA-351,OXA-351
betaL-g0994_OXA-352,OXA-352
betaL-g0995_OXA-353,OXA-353
betaL-g0996_OXA-354,OXA-354
betaL-g0997_OXA-355,OXA-355
betaL-g0998_OXA-356,OXA-356
betaL-g0999_OXA-357,OXA-357
betaL-g1000_OXA-358,OXA-358
betaL-g1001_OXA-359,OXA-359
betaL-g1002_OXA-36,OXA-36
betaL-g1003_OXA-360,OXA-360
betaL-g1004_OXA-361,OXA-361
betaL-g1005_OXA-362,OXA-362
betaL-g1006_OXA-363,OXA-363
betaL-g1007_OXA-365,OXA-365
betaL-g1008_OXA-37,OXA-37
betaL-g1009_OXA-370,OXA-370
betaL-g1010_OXA-371,OXA-371
betaL-g1011_OXA-374,OXA-374
betaL-g1012_OXA-375,OXA-375
betaL-g1013_OXA-376,OXA-376
betaL-g1014_OXA-377,OXA-377
betaL-g1015_OXA-378,OXA-378
betaL-g1016_OXA-379,OXA-379
betaL-g1017_OXA-380,OXA-380
betaL-g1018_OXA-381,OXA-381
betaL-g1019_OXA-382,OXA-382
betaL-g1020_OXA-383,OXA-383
betaL-g1021_OXA-384,OXA-384
betaL-g1022_OXA-385,OXA-385
betaL-g1023_OXA-386,OXA-386
betaL-g1024_OXA-388,OXA-388
betaL-g1025_OXA-389,OXA-389
betaL-g1026_OXA-390,OXA-390
betaL-g1027_OXA-4,OXA-4
betaL-g1028_OXA-42,OXA-42
betaL-g1029_OXA-43,OXA-43
betaL-g1030_OXA-45,OXA-45
betaL-g1031_OXA-46,OXA-46
betaL-g1032_OXA-47,OXA-47
betaL-g1033_OXA-48,OXA-48
betaL-g1034_OXA-49,OXA-49
betaL-g1035_OXA-5,OXA-5
betaL-g1036_OXA-50,OXA-50
betaL-g1037_OXA-51,OXA-51
betaL-g1038_OXA-53,OXA-53
betaL-g1039_OXA-54,OXA-54
betaL-g1040_OXA-55,OXA-55
betaL-g1041_OXA-56,OXA-56
betaL-g1042_OXA-57,OXA-57
betaL-g1043_OXA-58,OXA-58
betaL-g1044_OXA-59,OXA-59
betaL-g1045_OXA-60,OXA-60
betaL-g1046_OXA-61,OXA-61
betaL-g1047_OXA-62,OXA-62
betaL-g1048_OXA-63,OXA-63
betaL-g1049_OXA-64,OXA-64
betaL-g1050_OXA-65,OXA-65
betaL-g1051_OXA-66,OXA-66
betaL-g1054_OXA-69,OXA-69
betaL-g1052_OXA-67,OXA-67
betaL-g1053_OXA-68,OXA-68
betaL-g1055_OXA-7,OXA-7
betaL-g1056_OXA-70,OXA-70
betaL-g1057_OXA-71,OXA-71
betaL-g1058_OXA-72,OXA-72
betaL-g1059_OXA-73,OXA-73
betaL-g1060_OXA-74,OXA-74
betaL-g1061_OXA-75,OXA-75
betaL-g1062_OXA-76,OXA-76
betaL-g1063_OXA-77,OXA-77
betaL-g1064_OXA-78,OXA-78
betaL-g1065_OXA-79,OXA-79
betaL-g1066_OXA-80,OXA-80
betaL-g1067_OXA-82,OXA-82
betaL-g1068_OXA-83,OXA-83
betaL-g1069_OXA-84,OXA-84
betaL-g1071_OXA-86,OXA-86
betaL-g1072_OXA-87,OXA-87
betaL-g1073_OXA-88,OXA-88
betaL-g1074_OXA-89,OXA-89
betaL-g1075_OXA-9,OXA-9
betaL-g1076_OXA-90,OXA-90
betaL-g1077_OXA-91,OXA-91
betaL-g1078_OXA-92,OXA-92
betaL-g1079_OXA-93,OXA-93
betaL-g1080_OXA-94,OXA-94
betaL-g1081_OXA-95,OXA-95
betaL-g1082_OXA-96,OXA-96
betaL-g1083_OXA-97,OXA-97
betaL-g1084_OXA-98,OXA-98
betaL-g1085_OXA-99,OXA-99
betaL-g1086_OXY-1-1,OXY-1-1
betaL-g1087_OXY-1-2,OXY-1-2
betaL-g1088_OXY-1-3,OXY-1-3
betaL-g1089_OXY-1-4,OXY-1-4
betaL-g1091_OXY-1-6,OXY-1-6
betaL-g1093_OXY-2-1,OXY-2-1
betaL-g1094_OXY-2-10,OXY-2-10
betaL-g1095_OXY-2-2,OXY-2-2
betaL-g1096_OXY-2-3,OXY-2-3
betaL-g1097_OXY-2-4,OXY-2-4
betaL-g1099_OXY-2-6,OXY-2-6
betaL-g1100_OXY-2-7,OXY-2-7
betaL-g1101_OXY-2-8,OXY-2-8
betaL-g1102_OXY-2-9,OXY-2-9
betaL-g1103_OXY-3-1,OXY-3-1
betaL-g1104_OXY-4-1,OXY-4-1
betaL-g1105_OXY-5-1,OXY-5-1
betaL-g1106_OXY-5-2,OXY-5-2
betaL-g1107_OXY-6-1,OXY-6-1
betaL-g1108_OXY-6-2,OXY-6-2
betaL-g1109_OXY-6-3,OXY-6-3
betaL-g1110_OXY-6-4,OXY-6-4
betaL-g1111_P3,P3
betaL-g1112_P4,P4
betaL-g1113_P5,P5
betaL-g1114_Pa_Pb,Pa/Pb
betaL-g1115_Pc_Pd,Pc/Pd
betaL-g1116_penA,penA
betaL-g1117_PER-1,PER-1
betaL-g1118_PER-2,PER-2
betaL-g1119_PER-3,PER-3
betaL-g1120_PER-4,PER-4
betaL-g1121_PER-5,PER-5
betaL-g1122_PER-6,PER-6
betaL-g1123_PER-7,PER-7
betaL-g1124_PLA-2a,PLA-2a
betaL-g1125_PME-1,PME-1
betaL-g1126_POM-1,POM-1
betaL-g1127_RAHN-1,RAHN-1
betaL-g1128_RAHN-2,RAHN-2
betaL-g1129_ROB-1,ROB-1
betaL-g1130_SCO-1,SCO-1
betaL-g1131_SED-1,SED-1
betaL-g1132_SFB-1,SFB-1
betaL-g1133_SFC-1,SFC-1
betaL-g1134_SFH-1,SFH-1
betaL-g1135_SFO-1,SFO-1
betaL-g1136_SHV-1,SHV-1
betaL-g1138_SHV-100,SHV-100
betaL-g1139_SHV-101,SHV-101
betaL-g1140_SHV-102,SHV-102
betaL-g1141_SHV-103,SHV-103
betaL-g1142_SHV-104,SHV-104
betaL-g1143_SHV-105,SHV-105
betaL-g1146_SHV-108,SHV-108
betaL-g1147_SHV-109,SHV-109
betaL-g1148_SHV-11,SHV-11
betaL-g1157_SHV-12-incorrect,SHV-12-incorrect
betaL-g1158_SHV-120,SHV-120
betaL-g1159_SHV-121,SHV-121
betaL-g1165_SHV-128,SHV-128
betaL-g1166_SHV-129,SHV-129
betaL-g1168_SHV-133,SHV-133
betaL-g1169_SHV-134,SHV-134
betaL-g1170_SHV-135,SHV-135
betaL-g1172_SHV-137,SHV-137
betaL-g1173_SHV-14,SHV-14
betaL-g1174_SHV-140,SHV-140
betaL-g1175_SHV-141,SHV-141
betaL-g1176_SHV-142,SHV-142
betaL-g1177_SHV-143,SHV-143
betaL-g1178_SHV-144,SHV-144
betaL-g1179_SHV-145,SHV-145
betaL-g1180_SHV-147,SHV-147
betaL-g1181_SHV-148,SHV-148
betaL-g1182_SHV-149,SHV-149
betaL-g1184_SHV-150,SHV-150
betaL-g1185_SHV-151,SHV-151
betaL-g1186_SHV-152,SHV-152
betaL-g1187_SHV-153,SHV-153
betaL-g1188_SHV-154,SHV-154
betaL-g1189_SHV-155,SHV-155
betaL-g1190_SHV-156,SHV-156
betaL-g1191_SHV-157,SHV-157
betaL-g1192_SHV-158,SHV-158
betaL-g1193_SHV-159,SHV-159
betaL-g1195_SHV-160,SHV-160
betaL-g1196_SHV-161,SHV-161
betaL-g1197_SHV-162,SHV-162
betaL-g1198_SHV-163,SHV-163
betaL-g1199_SHV-164,SHV-164
betaL-g1200_SHV-165,SHV-165
betaL-g1201_SHV-167,SHV-167
betaL-g1202_SHV-168,SHV-168
betaL-g1206_SHV-172,SHV-172
betaL-g1207_SHV-173,SHV-173
betaL-g1211_SHV-178,SHV-178
betaL-g1212_SHV-179,SHV-179
betaL-g1213_SHV-18,SHV-18
betaL-g1217_SHV-2,SHV-2
betaL-g1222_SHV-24,SHV-24
betaL-g1223_SHV-25,SHV-25
betaL-g1224_SHV-26,SHV-26
betaL-g1225_SHV-27,SHV-27
betaL-g1226_SHV-28,SHV-28
betaL-g1227_SHV-29,SHV-29
betaL-g1228_SHV-2A,SHV-2A
betaL-g1230_SHV-30,SHV-30
betaL-g1231_SHV-31,SHV-31
betaL-g1232_SHV-32,SHV-32
betaL-g1233_SHV-33,SHV-33
betaL-g1234_SHV-34,SHV-34
betaL-g1235_SHV-35,SHV-35
betaL-g1236_SHV-36,SHV-36
betaL-g1237_SHV-37,SHV-37
betaL-g1238_SHV-38,SHV-38
betaL-g1240_SHV-40,SHV-40
betaL-g1241_SHV-41,SHV-41
betaL-g1242_SHV-42,SHV-42
betaL-g1243_SHV-44,SHV-44
betaL-g1244_SHV-45,SHV-45
betaL-g1245_SHV-46,SHV-46
betaL-g1246_SHV-48,SHV-48
betaL-g1247_SHV-49,SHV-49
betaL-g1248_SHV-5,SHV-5
betaL-g1249_SHV-50,SHV-50
betaL-g1250_SHV-51,SHV-51
betaL-g1251_SHV-52,SHV-52
betaL-g1252_SHV-55,SHV-55
betaL-g1253_SHV-56,SHV-56
betaL-g1254_SHV-57,SHV-57
betaL-g1255_SHV-59,SHV-59
betaL-g1256_SHV-6,SHV-6
betaL-g1257_SHV-60,SHV-60
betaL-g1258_SHV-61,SHV-61
betaL-g1259_SHV-62,SHV-62
betaL-g1260_SHV-63,SHV-63
betaL-g1261_SHV-64,SHV-64
betaL-g1262_SHV-65,SHV-65
betaL-g1263_SHV-66,SHV-66
betaL-g1264_SHV-67,SHV-67
betaL-g1265_SHV-69,SHV-69
betaL-g1266_SHV-7,SHV-7
betaL-g1267_SHV-70,SHV-70
betaL-g1268_SHV-71,SHV-71
betaL-g1269_SHV-72,SHV-72
betaL-g1270_SHV-73,SHV-73
betaL-g1271_SHV-74,SHV-74
betaL-g1272_SHV-75,SHV-75
betaL-g1273_SHV-76,SHV-76
betaL-g1274_SHV-77,SHV-77
betaL-g1275_SHV-78,SHV-78
betaL-g1276_SHV-79,SHV-79
betaL-g1277_SHV-8,SHV-8
betaL-g1278_SHV-80,SHV-80
betaL-g1279_SHV-81,SHV-81
betaL-g1280_SHV-82,SHV-82
betaL-g1281_SHV-85,SHV-85
betaL-g1282_SHV-86,SHV-86
betaL-g1283_SHV-89,SHV-89
betaL-g1287_SHV-92,SHV-92
betaL-g1288_SHV-93,SHV-93
betaL-g1289_SHV-94,SHV-94
betaL-g1290_SHV-95,SHV-95
betaL-g1291_SHV-96,SHV-96
betaL-g1292_SHV-97,SHV-97
betaL-g1293_SHV-98,SHV-98
betaL-g1294_SHV-99,SHV-99
betaL-g1295_SIM-1,SIM-1
betaL-g1296_SLB-1,SLB-1
betaL-g1297_SMB-1,SMB-1
betaL-g1298_SME-1,SME-1
betaL-g1299_SME-2,SME-2
betaL-g1300_SME-3,SME-3
betaL-g1301_SME-4,SME-4
betaL-g1303_SPU-1,SPU-1
betaL-g1304_SRT-1,SRT-1
betaL-g1305_SST-1,SST-1
betaL-g1306_TEM-1,TEM-1
betaL-g1307_TEM-10,TEM-10
betaL-g1308_TEM-101,TEM-101
betaL-g1311_TEM-104,TEM-104
betaL-g1312_TEM-105,TEM-105
betaL-g1313_TEM-106,TEM-106
betaL-g1314_TEM-107,TEM-107
betaL-g1315_TEM-108,TEM-108
betaL-g1316_TEM-109,TEM-109
betaL-g1317_TEM-11,TEM-11
betaL-g1318_TEM-110,TEM-110
betaL-g1319_TEM-111,TEM-111
betaL-g1320_TEM-112,TEM-112
betaL-g1321_TEM-113,TEM-113
betaL-g1322_TEM-114,TEM-114
betaL-g1323_TEM-115,TEM-115
betaL-g1324_TEM-116,TEM-116
betaL-g1325_TEM-117,TEM-117
betaL-g1327_TEM-12,TEM-12
betaL-g1328_TEM-120,TEM-120
betaL-g1329_TEM-121,TEM-121
betaL-g1330_TEM-122,TEM-122
betaL-g1331_TEM-123,TEM-123
betaL-g1332_TEM-124,TEM-124
betaL-g1333_TEM-125,TEM-125
betaL-g1334_TEM-126,TEM-126
betaL-g1335_TEM-127,TEM-127
betaL-g1336_TEM-128,TEM-128
betaL-g1337_TEM-129,TEM-129
betaL-g1339_TEM-130,TEM-130
betaL-g1340_TEM-131,TEM-131
betaL-g1341_TEM-132,TEM-132
betaL-g1342_TEM-133,TEM-133
betaL-g1343_TEM-134,TEM-134
betaL-g1344_TEM-135,TEM-135
betaL-g1345_TEM-136,TEM-136
betaL-g1346_TEM-137,TEM-137
betaL-g1347_TEM-138,TEM-138
betaL-g1348_TEM-139,TEM-139
betaL-g1349_TEM-141,TEM-141
betaL-g1350_TEM-142,TEM-142
betaL-g1351_TEM-143,TEM-143
betaL-g1352_TEM-144,TEM-144
betaL-g1353_TEM-145,TEM-145
betaL-g1354_TEM-146,TEM-146
betaL-g1355_TEM-147,TEM-147
betaL-g1356_TEM-148,TEM-148
betaL-g1357_TEM-149,TEM-149
betaL-g1358_TEM-15,TEM-15
betaL-g1359_TEM-150,TEM-150
betaL-g1360_TEM-151,TEM-151
betaL-g1361_TEM-152,TEM-152
betaL-g1362_TEM-153,TEM-153
betaL-g1363_TEM-154,TEM-154
betaL-g1364_TEM-155,TEM-155
betaL-g1365_TEM-156,TEM-156
betaL-g1366_TEM-157,TEM-157
betaL-g1367_TEM-158,TEM-158
betaL-g1368_TEM-159,TEM-159
betaL-g1369_TEM-16,TEM-16
betaL-g1370_TEM-160,TEM-160
betaL-g1372_TEM-162,TEM-162
betaL-g1373_TEM-163,TEM-163
betaL-g1374_TEM-164,TEM-164
betaL-g1376_TEM-166,TEM-166
betaL-g1377_TEM-167,TEM-167
betaL-g1378_TEM-168,TEM-168
betaL-g1379_TEM-169,TEM-169
betaL-g1380_TEM-17,TEM-17
betaL-g1382_TEM-171,TEM-171
betaL-g1386_TEM-176,TEM-176
betaL-g1387_TEM-177,TEM-177
betaL-g1388_TEM-178,TEM-178
betaL-g1392_TEM-183,TEM-183
betaL-g1393_TEM-184,TEM-184
betaL-g1394_TEM-185,TEM-185
betaL-g1395_TEM-186,TEM-186
betaL-g1396_TEM-187,TEM-187
betaL-g1397_TEM-188,TEM-188
betaL-g1398_TEM-189,TEM-189
betaL-g1400_TEM-190,TEM-190
betaL-g1401_TEM-191-incorrect,TEM-191-incorrect
betaL-g1402_TEM-192,TEM-192
betaL-g1403_TEM-193,TEM-193
betaL-g1404_TEM-194,TEM-194
betaL-g1405_TEM-195,TEM-195
betaL-g1406_TEM-197,TEM-197
betaL-g1407_TEM-198,TEM-198
betaL-g1408_TEM-199,TEM-199
betaL-g1409_TEM-2,TEM-2
betaL-g1410_TEM-20,TEM-20
betaL-g1411_TEM-201,TEM-201
betaL-g1412_TEM-205,TEM-205
betaL-g1413_TEM-206,TEM-206
betaL-g1414_TEM-207,TEM-207
betaL-g1415_TEM-208,TEM-208
betaL-g1416_TEM-209,TEM-209
betaL-g1417_TEM-21,TEM-21
betaL-g1418_TEM-211,TEM-211
betaL-g1419_TEM-213,TEM-213
betaL-g1420_TEM-22,TEM-22
betaL-g1421_TEM-24,TEM-24
betaL-g1425_TEM-28,TEM-28
betaL-g1426_TEM-29,TEM-29
betaL-g1427_TEM-3,TEM-3
betaL-g1428_TEM-30,TEM-30
betaL-g1431_TEM-33,TEM-33
betaL-g1432_TEM-34,TEM-34
betaL-g1438_TEM-4-incorrect,TEM-4-incorrect
betaL-g1440_TEM-42,TEM-42
betaL-g1441_TEM-43,TEM-43
betaL-g1443_TEM-45,TEM-45
betaL-g1445_TEM-47,TEM-47
betaL-g1446_TEM-48,TEM-48
betaL-g1447_TEM-49,TEM-49
betaL-g1451_TEM-52,TEM-52
betaL-g1452_TEM-53,TEM-53
betaL-g1453_TEM-54,TEM-54
betaL-g1454_TEM-55,TEM-55
betaL-g1456_TEM-57,TEM-57
betaL-g1458_TEM-59,TEM-59
betaL-g1459_TEM-6,TEM-6
betaL-g1460_TEM-60,TEM-60
betaL-g1462_TEM-63,TEM-63
betaL-g1465_TEM-67,TEM-67
betaL-g1466_TEM-68,TEM-68
betaL-g1468_TEM-70,TEM-70
betaL-g1469_TEM-71,TEM-71
betaL-g1470_TEM-72,TEM-72
betaL-g1474_TEM-76,TEM-76
betaL-g1475_TEM-77,TEM-77
betaL-g1476_TEM-78,TEM-78
betaL-g1477_TEM-79,TEM-79
betaL-g1478_TEM-8,TEM-8
betaL-g1479_TEM-80,TEM-80
betaL-g1480_TEM-81,TEM-81
betaL-g1481_TEM-82,TEM-82
betaL-g1482_TEM-83,TEM-83
betaL-g1483_TEM-84,TEM-84
betaL-g1484_TEM-85,TEM-85
betaL-g1485_TEM-86,TEM-86
betaL-g1486_TEM-87,TEM-87
betaL-g1487_TEM-88,TEM-88
betaL-g1488_TEM-89,TEM-89
betaL-g1490_TEM-90,TEM-90
betaL-g1491_TEM-91,TEM-91
betaL-g1492_TEM-92,TEM-92
betaL-g1493_TEM-93,TEM-93
betaL-g1494_TEM-94,TEM-94
betaL-g1495_TEM-95,TEM-95
betaL-g1496_TEM-96,TEM-96
betaL-g1497_TEM-97,TEM-97
betaL-g1498_TEM-98,TEM-98
betaL-g1499_TEM-99,TEM-99
betaL-g1500_TER-1,TER-1
betaL-g1501_TER-2,TER-2
betaL-g1502_TLA-1,TLA-1
betaL-g1503_TMB-1,TMB-1
betaL-g1504_TMB-2,TMB-2
betaL-g1505_TRU-1,TRU-1
betaL-g1506_TUS-1,TUS-1
betaL-g1507_VEB-1,VEB-1
betaL-g1508_VEB-2,VEB-2
betaL-g1509_VEB-3,VEB-3
betaL-g1510_VEB-4,VEB-4
betaL-g1511_VEB-5,VEB-5
betaL-g1512_VEB-6,VEB-6
betaL-g1513_VEB-7,VEB-7
betaL-g1514_VEB-8,VEB-8
betaL-g1515_VHH-1,VHH-1
betaL-g1516_VHW-1,VHW-1
betaL-g1517_VIM-1,VIM-1
betaL-g1518_VIM-10,VIM-10
betaL-g1519_VIM-11,VIM-11
betaL-g1520_VIM-12,VIM-12
betaL-g1521_VIM-13,VIM-13
betaL-g1522_VIM-14,VIM-14
betaL-g1523_VIM-15,VIM-15
betaL-g1524_VIM-16,VIM-16
betaL-g1525_VIM-17,VIM-17
betaL-g1526_VIM-18,VIM-18
betaL-g1527_VIM-19,VIM-19
betaL-g1528_VIM-2,VIM-2
betaL-g1529_VIM-23,VIM-23
betaL-g1530_VIM-24,VIM-24
betaL-g1531_VIM-25,VIM-25
betaL-g1532_VIM-26,VIM-26
betaL-g1533_VIM-27,VIM-27
betaL-g1534_VIM-28,VIM-28
betaL-g1535_VIM-29,VIM-29
betaL-g1536_VIM-3,VIM-3
betaL-g1537_VIM-30,VIM-30
betaL-g1538_VIM-31,VIM-31
betaL-g1539_VIM-32,VIM-32
betaL-g1540_VIM-33,VIM-33
betaL-g1541_VIM-34,VIM-34
betaL-g1542_VIM-35,VIM-35
betaL-g1543_VIM-36,VIM-36
betaL-g1544_VIM-37,VIM-37
betaL-g1545_VIM-38,VIM-38
betaL-g1546_VIM-4,VIM-4
betaL-g1547_VIM-5,VIM-5
betaL-g1548_VIM-6,VIM-6
betaL-g1549_VIM-7,VIM-7
betaL-g1550_VIM-8,VIM-8
betaL-g1551_VIM-9,VIM-9
betaL-g1552_ZEG-1,ZEG-1
betaL-g1979_ACC-5,ACC-5
betaL-g1980_ACT-13,ACT-13
betaL-g1981_ACT-17,ACT-17
betaL-g1982_ACT-18,ACT-18
betaL-g1983_ACT-19,ACT-19
betaL-g1984_ACT-20,ACT-20
betaL-g1985_ACT-21,ACT-21
betaL-g1986_ACT-22,ACT-22
betaL-g1987_ACT-23,ACT-23
betaL-g1988_ACT-24,ACT-24
betaL-g1989_ACT-25,ACT-25
betaL-g1990_ACT-27,ACT-27
betaL-g1991_ACT-28,ACT-28
betaL-g1992_ACT-29,ACT-29
betaL-g1993_ACT-30,ACT-30
betaL-g1994_ACT-31,ACT-31
betaL-g1995_ACT-32,ACT-32
betaL-g1996_ACT-35,ACT-35
betaL-g1997_ACT-36,ACT-36
betaL-g1998_ACT-37,ACT-37
betaL-g1999_ampPpromoter_Chr,ampC_promoter
betaL-g2000_B-1,B-1
betaL-g2001_CARB-11,CARB-11
betaL-g2002_CARB-14,CARB-14
betaL-g2003_CARB-16,CARB-16
betaL-g2004_CARB-17,CARB-17
betaL-g2005_CARB-18,CARB-18
betaL-g2006_CARB-19,CARB-19
betaL-g2007_CMY-100,CMY-100
betaL-g2008_CMY-101,CMY-101
betaL-g2009_CMY-102,CMY-102
betaL-g2010_CMY-103,CMY-103
betaL-g2011_CMY-105,CMY-105
betaL-g2012_CMY-106,CMY-106
betaL-g2013_CMY-108,CMY-108
betaL-g2014_CMY-111,CMY-111
betaL-g2015_CMY-112,CMY-112
betaL-g2016_CMY-113,CMY-113
betaL-g2017_CMY-114,CMY-114
betaL-g2018_CMY-115,CMY-115
betaL-g2019_CMY-116,CMY-116
betaL-g2020_CMY-117,CMY-117
betaL-g2021_CMY-118,CMY-118
betaL-g2022_CMY-119,CMY-119
betaL-g2023_CMY-42,CMY-42
betaL-g2024_CMY-45,CMY-45
betaL-g2025_CMY-46,CMY-46
betaL-g2026_CMY-50,CMY-50
betaL-g2027_CMY-51,CMY-51
betaL-g2028_CMY-60b,CMY-60b
betaL-g2029_CMY-61,CMY-61
betaL-g2030_CMY-62,CMY-62
betaL-g2031_CMY-63,CMY-63
betaL-g2032_CMY-69,CMY-69
betaL-g2033_CMY-82,CMY-82
betaL-g2034_CMY-85,CMY-85
betaL-g2035_CMY-90,CMY-90
betaL-g2036_CMY-93,CMY-93
betaL-g2037_CTX-M-103,CTX-M-103
betaL-g2038_CTX-M-115,CTX-M-115
betaL-g2039_CTX-M-125,CTX-M-125
betaL-g2040_CTX-M-144,CTX-M-144
betaL-g2041_CTX-M-148,CTX-M-148
betaL-g2042_CTX-M-150,CTX-M-150
betaL-g2043_CTX-M-151,CTX-M-151
betaL-g2044_CTX-M-152,CTX-M-152
betaL-g2045_CTX-M-155,CTX-M-155
betaL-g2046_CTX-M-156,CTX-M-156
betaL-g2047_CTX-M-157,CTX-M-157
betaL-g2048_CTX-M-158,CTX-M-158
betaL-g2049_CTX-M-159,CTX-M-159
betaL-g2050_CTX-M-160,CTX-M-160
betaL-g2051_CTX-M-161,CTX-M-161
betaL-g2052_DHA-10,DHA-10
betaL-g2053_DHA-13,DHA-13
betaL-g2054_DHA-14,DHA-14
betaL-g2055_DHA-15,DHA-15
betaL-g2056_DHA-16,DHA-16
betaL-g2057_DHA-17,DHA-17
betaL-g2058_DHA-18,DHA-18
betaL-g2059_DHA-19,DHA-19
betaL-g2060_DHA-20,DHA-20
betaL-g2061_DHA-21,DHA-21
betaL-g2062_DHA-22,DHA-22
betaL-g2063_DHA-9,DHA-9
betaL-g2064_GES-24,GES-24
betaL-g2065_GES-26,GES-26
betaL-g2066_GIM-2,GIM-2
betaL-g2067_IMI-7,IMI-7
betaL-g2068_IMI-8,IMI-8
betaL-g2069_IMP-45,IMP-45
betaL-g2070_IMP-48,IMP-48
betaL-g2071_IMP-51,IMP-51
betaL-g2072_KPC-12,KPC-12
betaL-g2073_KPC-19,KPC-19
betaL-g2074_KPC-22,KPC-22
betaL-g2075_KPC-24,KPC-24
betaL-g2076_KPC-4,KPC-4
betaL-g2077_LCR-1,LCR-1
betaL-g2078_MIR-10,MIR-10
betaL-g2079_MIR-11,MIR-11
betaL-g2080_MIR-12,MIR-12
betaL-g2081_MIR-13,MIR-13
betaL-g2082_MIR-14,MIR-14
betaL-g2083_MIR-15,MIR-15
betaL-g2084_MIR-16,MIR-16
betaL-g2085_MIR-17,MIR-17
betaL-g2086_MIR-7,MIR-7
betaL-g2087_MIR-8,MIR-8
betaL-g2088_MIR-9,MIR-9
betaL-g2089_MOX-8,MOX-8
betaL-g2090_NDM-12,NDM-12
betaL-g2091_NDM-13,NDM-13
betaL-g2092_NDM-14,NDM-14
betaL-g2093_ompC,ompC
betaL-g2094_ompF,ompF
betaL-g2095_OXA-184,OXA-184
betaL-g2096_OXA-185,OXA-185
betaL-g2097_OXA-226,OXA-226
betaL-g2098_OXA-233,OXA-233
betaL-g2099_OXA-246,OXA-246
betaL-g2100_OXA-259,OXA-259
betaL-g2101_OXA-260,OXA-260
betaL-g2102_OXA-261,OXA-261
betaL-g2103_OXA-262,OXA-262
betaL-g2104_OXA-263,OXA-263
betaL-g2105_OXA-264,OXA-264
betaL-g2106_OXA-265,OXA-265
betaL-g2107_OXA-266,OXA-266
betaL-g2108_OXA-267,OXA-267
betaL-g2109_OXA-268,OXA-268
betaL-g2110_OXA-269,OXA-269
betaL-g2111_OXA-270,OXA-270
betaL-g2112_OXA-271,OXA-271
betaL-g2113_OXA-272,OXA-272
betaL-g2114_OXA-273,OXA-273
betaL-g2115_OXA-274,OXA-274
betaL-g2116_OXA-275,OXA-275
betaL-g2117_OXA-276,OXA-276
betaL-g2118_OXA-277,OXA-277
betaL-g2119_OXA-279,OXA-279
betaL-g2120_OXA-280,OXA-280
betaL-g2121_OXA-281,OXA-281
betaL-g2122_OXA-282,OXA-282
betaL-g2123_OXA-283,OXA-283
betaL-g2124_OXA-284,OXA-284
betaL-g2125_OXA-285,OXA-285
betaL-g2126_OXA-286,OXA-286
betaL-g2127_OXA-287-incorrect,OXA-287-incorrect
betaL-g2128_OXA-288,OXA-288
betaL-g2129_OXA-289,OXA-289
betaL-g2130_OXA-290-incorrect,OXA-290-incorrect
betaL-g2131_OXA-291-incorrect,OXA-291-incorrect
betaL-g2132_OXA-292-incorrect,OXA-292-incorrect
betaL-g2133_OXA-293,OXA-293
betaL-g2134_OXA-294,OXA-294
betaL-g2135_OXA-295,OXA-295
betaL-g2136_OXA-296-incorrect,OXA-296-incorrect
betaL-g2137_OXA-297-incorrect,OXA-297-incorrect
betaL-g2138_OXA-298-incorrect,OXA-298-incorrect
betaL-g2139_OXA-299,OXA-299
betaL-g2140_OXA-300,OXA-300
betaL-g2141_OXA-301,OXA-301
betaL-g2142_OXA-302-incorrect,OXA-302-incorrect
betaL-g2143_OXA-303,OXA-303
betaL-g2144_OXA-304,OXA-304
betaL-g2145_OXA-305,OXA-305
betaL-g2146_OXA-306,OXA-306
betaL-g2147_OXA-307,OXA-307
betaL-g2148_OXA-308,OXA-308
betaL-g2149_OXA-338,OXA-338
betaL-g2150_OXA-366,OXA-366
betaL-g2151_OXA-391,OXA-391
betaL-g2152_OXA-397,OXA-397
betaL-g2153_OXA-398,OXA-398
betaL-g2154_OXA-405,OXA-405
betaL-g2155_OXA-415,OXA-415
betaL-g2156_OXA-418,OXA-418
betaL-g2157_OXA-420,OXA-420
betaL-g2158_OXA-421,OXA-421
betaL-g2159_OXA-422,OXA-422
betaL-g2160_OXA-423,OXA-423
betaL-g2161_OXA-424,OXA-424
betaL-g2162_OXA-425,OXA-425
betaL-g2163_OXA-426,OXA-426
betaL-g2164_OXA-429,OXA-429
betaL-g2165_OXA-430,OXA-430
betaL-g2166_OXA-431,OXA-431
betaL-g2167_OXA-432,OXA-432
betaL-g2168_OXA-433,OXA-433
betaL-g2169_OXA-435,OXA-435
betaL-g2170_OXA-454,OXA-454
betaL-g2171_PER-8,PER-8
betaL-g2172_SHV-106,SHV-106
betaL-g2173_SHV-107,SHV-107
betaL-g2174_SHV-110,SHV-110
betaL-g2175_SHV-111,SHV-111
betaL-g2176_SHV-13,SHV-13
betaL-g2177_SHV-15,SHV-15
betaL-g2178_SHV-16,SHV-16
betaL-g2179_SHV-3-incorrect,SHV-3-incorrect
betaL-g2180_SHV-43,SHV-43
betaL-g2181_SHV-53,SHV-53
betaL-g2182_SHV-83,SHV-83
betaL-g2183_SHV-84,SHV-84
betaL-g2184_SME-5,SME-5
betaL-g2185_SPM-1,SPM-1
betaL-g2186_TEM-182,TEM-182
betaL-g2187_TEM-214,TEM-214
betaL-g2188_TEM-215,TEM-215
betaL-g2189_TEM-216,TEM-216
betaL-g2190_TEM-217,TEM-217
betaL-g2191_TEM-219,TEM-219
betaL-g2192_TEM-220,TEM-220
betaL-g2193_VEB-9,VEB-9
betaL-g2194_VIM-39,VIM-39
betaL-g2195_VIM-42,VIM-42
betaL-g2196_VIM-43,VIM-43
chlor-g1553_cat,cat
chlor-g1554_catA1,catA1
chlor-g1555_catA10,catA10
chlor-g1556_catA11,catA11
chlor-g1557_catS,catS
chlor-g1558_catA13,catA13
chlor-g1559_catA14,catA14
chlor-g1560_catA15,catA15
chlor-g1561_catA16,catA16
chlor-g1562_catA2,catA2
chlor-g1563_catA3,catA3
chlor-g1564_catA4,catA4
chlor-g1566_catA6,catA6
chlor-g1567_catA7,catA7
chlor-g1568_catA8_efae,catA8 (Enterococcus faecium)
chlor-g1569_catA9,catA9
chlor-g1570_catB1,catB1
chlor-g1571_catB10,catB10
chlor-g1572_catB2,catB2
chlor-g1573_catB3,catB3
chlor-g1574_catB7,catB7
chlor-g1575_catB9,catB9
chlor-g1576_cml,cml
chlor-g1577_cmlE5,cml_E5
chlor-g1578_cmlA1,cmlA1
chlor-g1579_cmlB,cmlB
chlor-g1580_cmlV,cmlV
chlor-g1581_cmr,cmr
chlor-g1582_cmrA,cmrA
chlor-g1583_cmx,cmx
chlor-g1584_fexA,fexA
chlor-g1585_floR,floR
chlor-g1586_pexA,pexA
chlor-g1587_cfr,cfr
clind-g1588_vgaALC,vga(A)LC
fosfo-g1590_fomA,fomA
fosfo-g1591_fomB,fomB
fosfo-g1592_fosA,fosA
fosfo-g1593_fosA_v2,fosA_v2
fosfo-g1594_fosA_v3,fosA_v3
fosfo-g1595_fosA_v4,fosA_v4
fosfo-g1596_fosA_v5,fosA_v5
fosfo-g1597_fosA2,fosA2
fosfo-g1598_fosA3,fosA3
fosfo-g1599_fosB,fosB
fosfo-g1601_fosC,fosC
fosfo-g1602_fosC_v2,fosC_v2
fosfo-g1603_fosX,fosX
fosfo-g1604_glpT,glpT
fosfo-g1605_murA,murA
fosfo-g1606_ptsI,ptsI
fosfo-g1607_uhpA,uhpA
fosfo-g1608_uhpB,uhpB
fosfo-g1609_uhpC,uhpC
fosfo-g1610_uhpT,uhpT
fusid-g1611_fusA_saur,fusA (Staphylococcus aureus)
fusid-g1612_fusB,fusB
glyco-g1614_VanA-A,VanA-A
glyco-g1615_VanA-Ao2,VanA-Ao2
glyco-g1616_VanA-Pt,VanA-Pt
glyco-g1618_VanB-B,VanB-B
glyco-g1619_VanB-Sc,VanB-Sc
glyco-g1620_VanC,VanC
glyco-g1621_VanD-D,VanD-D
glyco-g1623_VanE,VanE
glyco-g1624_VanG-G,VanG-G
glyco-g1625_VanH-A,VanH-A
glyco-g1626_VanH-Ao1,VanH-Ao1
glyco-g1627_VanH-Ao2,VanH-Ao2
glyco-g1628_VanH-B,VanH-B
glyco-g1629_VanH-D,VanH-D
glyco-g1630_VanH-M,VanH-M
glyco-g1631_VanH-Pt,VanH-Pt
glyco-g1632_VanH-Pt2,VanH-Pt2
glyco-g1633_VanH-Sc,VanH-Sc
glyco-g1634_VanL-L,VanL-L
glyco-g1635_VanM-M,VanM-M
glyco-g1636_VanR-A,VanR-A
glyco-g1637_VanR-B,VanR-B
glyco-g1638_VanR-C,VanR-C
glyco-g1639_VanR-D,VanR-D
glyco-g1640_VanR-G,VanR-G
glyco-g1641_VanR-L,VanR-L
glyco-g1642_VanR-M,VanR-M
glyco-g1643_VanR-Pt,VanR-Pt
glyco-g1644_VanR-Pt2,VanR-Pt2
glyco-g1645_VanS-B,VanS-B
glyco-g1646_VanS-C,VanS-C
glyco-g1647_VanS-D,VanS-D
glyco-g1648_VanS-G,VanS-G
glyco-g1649_VanS-L,VanS-L
glyco-g1650_VanS-M,VanS-M
glyco-g1651_VanS-Pt,VanS-Pt
glyco-g1652_VanS-Pt2,VanS-Pt2
glyco-g1653_VanT-C,VanT-C
glyco-g1654_VanT-G,VanT-G
glyco-g1655_VanTm-L,VanTm-L
glyco-g1656_VanTr-L,VanTr-L
glyco-g1657_VanU-G,VanU-G
glyco-g1658_VanW-B,VanW-B
glyco-g1659_VanW-G,VanW-G
glyco-g1660_VanX-A,VanX-A
glyco-g1661_VanX-Ao1,VanX-Ao1
glyco-g1662_VanX-Ao2,VanX-Ao2
glyco-g1663_VanX-B,VanX-B
glyco-g1664_VanX-D,VanX-D
glyco-g1665_VanX-M,VanX-M
glyco-g1666_VanX-Pt,VanX-Pt
glyco-g1667_VanX-Pt2,VanX-Pt2
glyco-g1668_VanX-Sc,VanX-Sc
glyco-g1669_VanXY-C,VanXY-C
glyco-g1670_VanXY-G,VanXY-G
glyco-g1671_VanXY-L,VanXY-L
glyco-g1672_VanY-A,VanY-A
glyco-g1673_VanY-B,VanY-B
glyco-g1674_VanY-D,VanY-D
glyco-g1675_VanY-M,VanY-M
glyco-g1676_VanY-Pt,VanY-Pt
glyco-g1677_VanY-Pt2,VanY-Pt2
glyco-g1678_VanZ-A,VanZ-A
glyco-g1679_VanZ-Pt-partial,VanZ-Pt-partial
macro-g1680_ereA,ere(A)
macro-g1681_ereB,ere(B)
macro-g1682_ereC,ere(C)
macro-g1683_erm-30,erm(30)
macro-g1684_erm-31,erm(31)
macro-g1685_erm-32,erm(32)
macro-g1686_erm-33,erm(33)
macro-g1687_erm-34,erm(34)
macro-g1688_erm-35,erm(35)
macro-g1689_erm-36,erm(36)
macro-g1690_erm-37,erm(37)
macro-g1691_erm-38,erm(38)
macro-g1692_erm-39,erm(39)
macro-g1693_erm-40,erm(40)
macro-g1694_erm-41,erm(41)
macro-g1695_erm42,erm(42)
macro-g1696_ermA,erm(A)
macro-g1697_ermB,erm(B)
macro-g1698_ermC,erm(C)
macro-g1699_ermD,erm(D)
macro-g1700_ermE,erm(E)
macro-g1701_ermF,erm(F)
macro-g1702_ermG,erm(G)
macro-g1703_ermH,erm(H)
macro-g1704_ermN,erm(N)
macro-g1705_ermO,erm(O)
macro-g1706_ermQ,erm(Q)
macro-g1707_ermR,erm(R)
macro-g1708_ermS,erm(S)
macro-g1709_ermT,erm(T)
macro-g1710_ermU,erm(U)
macro-g1711_ermV,erm(V)
macro-g1712_ermW,erm(W)
macro-g1713_ermX,erm(X)
macro-g1714_ermY,erm(Y)
macro-g1715_ermZ,erm(Z)
macro-g1716_IsaA,lsa(A)
macro-g1717_lmrA,lmr(A)
macro-g1718_lnuA,lnu(A)
macro-g1719_lnuB,lnu(B)
macro-g1720_lnuC,lnu(C)
macro-g1721_lnuD,lnu(D)
macro-g1722_lnuF,lnu(F)
macro-g1723_lsaB,lsa(B)
macro-g1724_lsaC,lsa(C)
macro-g1725_mdfA,mdf(A)
macro-g1726_mdtA,mdt(A)
macro-g1727_mefA,mef(A)
macro-g1728_mefB,mef(B)
macro-g1729_mefE,mef(E)
macro-g1730_mefG,mef(G)
macro-g1731_mphA,mph(A)
macro-g1732_mphB,mph(B)
macro-g1733_mphC,mph(C)
macro-g1734_mphE,mph(E)
macro-g1735_mreA,mre(A)
macro-g1736_msrA,msr(A)
macro-g1737_msrC,msr(C)
macro-g1738_msrD,msr(D)
macro-g1739_msrE,msr(E)
macro-g1740_oleB,ole(B)
macro-g1741_oleC,ole(C)
macro-g1742_srmB,srm(B)
macro-g1743_vagD,vga(D)
macro-g1744_vatA,vat(A)
macro-g1745_vatB,vat(B)
macro-g1746_vatC,vat(C)
macro-g1747_vatD,vat(D)
macro-g1748_vatE,vat(E)
macro-g1749_vatF,vat(F)
macro-g1750_vatG,vat(G)
macro-g1751_vgaA,vga(A)
macro-g1752_vgaB,vga(B)
macro-g1753_vgbA,vgb(A)
macro-g1754_vgbB,vgb(B)
mupir-g1755_mupA,mupA
mupir-g1756_mupB,mupB
nitro-g1757_nfsA_Chr,nfsA
nitro-g1758_nfsB_Chr,nfsB
nitro-g1759_nimA,nimA
nitro-g1760_nimB,nimB
nitro-g1761_nimC,nimC
nitro-g1762_nimD,nimD
quino-g1763_gyrA_ecol_Chr,gyrA_ecol
quino-g1764_gyrA_kpne_Chr,gyrA_kpne
quino-g1765_gyrB_ecol_Chr,gyrB_ecol
quino-g1766_gyrB_kpne_Chr,gyrB_kpne
quino-g1767_oqxA1,oqxA1 
quino-g1768_oqxA10,oqxA10
quino-g1769_oqxA11,oqxA11
quino-g1770_oqxA2,oqxA2
quino-g1771_oqxA3,oqxA3
quino-g1772_oqxA4,oqxA4
quino-g1773_oqxA5,oqxA5
quino-g1774_oqxA6,oqxA6
quino-g1775_oqxA7,oqxA7
quino-g1776_oqxA8,oqxA8
quino-g1777_oqxA9,oqxA9
quino-g1778_oqxB10,oqxB10
quino-g1779_oqxB11,oqxB11
quino-g1780_oqxB12,oqxB12
quino-g1781_oqxB13,oqxB13
quino-g1782_oqxB14,oqxB14
quino-g1783_oqxB15,oqxB15
quino-g1784_oqxB16,oqxB16
quino-g1785_oqxB17,oqxB17
quino-g1786_oqxB18,oqxB18
quino-g1787_oqxB19,oqxB19
quino-g1788_oqxB2,oqxB2 
quino-g1789_oqxB20,oqxB20
quino-g1790_oqxB21,oqxB21
quino-g1791_oqxB22,oqxB22
quino-g1792_oqxB23,oqxB23
quino-g1793_oqxB24,oqxB24
quino-g1794_oqxB25,oqxB25
quino-g1795_oqxB26,oqxB26
quino-g1796_oqxB27,oqxB27
quino-g1797_oqxB28,oqxB28
quino-g1798_oqxB29,oqxB29
quino-g1799_oqxB3,oqxB3
quino-g1800_oqxB30,oqxB30
quino-g1801_oqxB31,oqxB31
quino-g1802_oqxB32,oqxB32
quino-g1803_oqxB4,oqxB4
quino-g1804_oqxB5,oqxB5
quino-g1805_oqxB6,oqxB6
quino-g1806_oqxB7,oqxB7
quino-g1807_oqxB8,oqxB8
quino-g1808_oqxB9,oqxB9
quino-g1809_parC_ecol_Chr,parC_ecol
quino-g1810_parC_kpne_Chr,parC_kpne
quino-g1811_parE_ecol_Chr,parE_ecol
quino-g1812_parE_kpne_Chr,parE_kpne
quino-g1813_qepA,qepA 
quino-g1814_qepA2,qepA2
quino-g1815_qnrA1,qnrA1
quino-g1816_qnrA2,qnrA2
quino-g1817_qnrA3,qnrA3 
quino-g1818_qnrA4,qnrA4 
quino-g1819_qnrA5,qnrA5 
quino-g1820_qnrA6,qnrA6 
quino-g1821_qnrA7,qnrA7 
quino-g1822_qnrB1,qnrB1 
quino-g1823_qnrB10,qnrB10 
quino-g1824_qnrB11,qnrB11 
quino-g1825_qnrB13,qnrB13
quino-g1827_qnrB14,qnrB14 
quino-g1828_qnrB15,qnrB15 
quino-g1829_qnrB17,qnrB17 
quino-g1830_qnrB18,qnrB18 
quino-g1831_qnrB19,qnrB19 
quino-g1832_qnrB2,qnrB2 
quino-g1833_qnrB20,qnrB20 
quino-g1834_qnrB21,qnrB21 
quino-g1835_qnrB22,qnrB22 
quino-g1836_qnrB23,qnrB23 
quino-g1837_qnrB24,qnrB24 
quino-g1838_qnrB25,qnrB25
quino-g1839_qnrB27,qnrB27 
quino-g1840_qnrB28,qnrB28 
quino-g1841_qnrB29,qnrB29 
quino-g1842_qnrB3,qnrB3 
quino-g1843_qnrB30,qnrB30 
quino-g1844_qnrB31,qnrB31 
quino-g1845_qnrB32,qnrB32
quino-g1846_qnrB33,qnrB33 
quino-g1847_qnrB34,qnrB34 
quino-g1848_qnrB35,qnrB35 
quino-g1849_qnrB36,qnrB36
quino-g1850_qnrB37,qnrB37 
quino-g1851_qnrB38,qnrB38 
quino-g1852_qnrB4,qnrB4 
quino-g1853_qnrB42,qnrB42 
quino-g1854_qnrB48,qnrB48
quino-g1855_qnrB49,qnrB49
quino-g1856_qnrB5,qnrB5 
quino-g1857_qnrB50,qnrB50
quino-g1858_qnrB51,qnrB51
quino-g1859_qnrB52,qnrB52
quino-g1860_qnrB53,qnrB53
quino-g1861_qnrB56,qnrB56
quino-g1862_qnrB57,qnrB57
quino-g1863_qnrB58,qnrB58
quino-g1864_qnrB59,qnrB59
quino-g1865_qnrB6,qnrB6
quino-g1866_qnrB62,qnrB62
quino-g1867_qnrB7,qnrB7 
quino-g1868_qnrB8,qnrB9 
quino-g1869_qnrB9,qnrB11
quino-g1870_qnrC,qnrC 
quino-g1871_qnrD1,qnrD1
quino-g1872_qnrS1,qnrS1 
quino-g1873_qnrS2,qnrS2 
quino-g1874_qnrS3,qnrS3 
quino-g1875_qnrS4,qnrS4 
quino-g1876_qnrS5,qnrS5
quino-g1877_qnrS6,qnrS6
quino-g1878_qnrS7,qnrS7
quino-g1879_qnrS8,qnrS8
rifam-g1880_arr-2,arr-2
rifam-g1881_arr-3,arr-3
rifam-g1882_arr-4,arr-4
rifam-g1883_arr-5,arr-5
rifam-g1884_arr-6,arr-6
rifam-g1885_arr-7,arr-7
strep-g1886_sat2A,sat2A
strep-g1887_sat3A,sat3A
strep-g1888_sat4A,sat4A
sulph-g1889_folP,folP
sulph-g1890_sul1,sul1
sulph-g1891_sul1-v2,sul1_v2
sulph-g1892_sul2,sul2
sulph-g1893_sul3,sul3
tetra-g1894_otrA,otr(A)
tetra-g1895_otrB,otr(B)
tetra-g1896_otrC,otr(C)
tetra-g1897_tet-30,tet(30)
tetra-g1898_tet-31,tet(31)
tetra-g1899_tet-32,tet(32)
tetra-g1900_tet-33,tet(33)
tetra-g1901_tet-34,tet(34)
tetra-g1902_tet-35,tet(35)
tetra-g1903_tet-36,tet(36)
tetra-g1904_tet-37,tet(37)
tetra-g1905_tet-38,tet(38)
tetra-g1906_tet-39,tet(39)
tetra-g1907_tet-40,tet(40)
tetra-g1908_tet-41,tet(41)
tetra-g1909_tet-42,tet(42)
tetra-g1910_tet-43,tet(43)
tetra-g1911_tet-44,tet(44)
tetra-g1912_tet-AB,tetA(B)
tetra-g1913_tet-A,tet(A)
tetra-g1914_tet-B,tet(B)
tetra-g1915_tet-C,tet(C)
tetra-g1916_tet-D,tet(D)
tetra-g1917_tet-E,tet(E)
tetra-g1918_tet-G,tet(G)
tetra-g1919_tet-H,tet(H)
tetra-g1920_tet-J,tet(J)
tetra-g1921_tet-K,tet(K)
tetra-g1922_tet-L,tet(L)
tetra-g1923_tet-M,tet(M)
tetra-g1924_tet-O,tet(O)
tetra-g1925_tet-Q,tet(Q)
tetra-g1926_tet-S,tet(S)
tetra-g1927_tet-T,tet(T)
tetra-g1928_tet-U,tet(U)
tetra-g1929_tet-V,tet(V)
tetra-g1930_tet-W,tet(W)
tetra-g1931_tet-X,tet(X)
tetra-g1932_tet-Y,tet(Y)
tetra-g1933_tet-Z,tet(Z)
tetra-g1934_tet-AP,tetA(P)
tetra-g1935_tet-BP,tetB(P)
trime-g1936_dfr2d,dfr2d
trime-g1937_dfrA1,dfrA1
trime-g1938_dfrA10,dfrA10
trime-g1939_dfrA12,dfrA12
trime-g1940_dfrA13,dfrA13
trime-g1941_dfrA14,dfrA14
trime-g1942_dfrA15,dfrA15
trime-g1943_dfrA16,dfrA16
trime-g1944_dfrA17,dfrA17
trime-g1945_dfrA18,dfrA18
trime-g1946_dfrA20,dfrA20
trime-g1947_dfrA21,dfrA21
trime-g1948_dfrA22,dfrA22
trime-g1949_dfrA23,dfrA23
trime-g1950_dfrA24,dfrA24
trime-g1951_dfrA25,dfrA25
trime-g1952_dfrA26,dfrA26
trime-g1953_dfrA27,dfrA27
trime-g1954_dfrA28,dfrA28
trime-g1955_dfrA29,dfrA29
trime-g1956_dfrA3,dfrA3
trime-g1957_dfrA30,dfrA30
trime-g1958_dfrA31,dfrA31
trime-g1959_dfrA32,dfrA32
trime-g1960_dfrA33,dfrA33
trime-g1961_dfrA5,dfrA5
trime-g1962_dfrA6,dfrA6
trime-g1963_dfrA7,dfrA7
trime-g1964_dfrA8,dfrA8
trime-g1965_dfrA9,dfrA9
trime-g1966_dfrB1,dfrB1
trime-g1967_dfrB2,dfrB2
trime-g1968_dfrB3,dfrB3
trime-g1969_dfrB4,dfrB4
trime-g1970_dfrB5,dfrB5
trime-g1971_dfrB6,dfrB6
trime-g1972_dfrB7,dfrB7
trime-g1973_dfrB8,dfrB8
trime-g1974_dfrC,dfrC
trime-g1975_dfrD,dfrD
trime-g1976_dfrG,dfrG
trime-g1977_dfrK,dfrK
colis-g2197_mcr1,mcr-1
fusid-g2198_fusC,fusC
quino-g2199_qnrB10_1,qnrB10
quino-g2200_qnrB12,qnrB12
quino-g2201_qnrB8,qnrB8
tetra-g2202_tet-45,tet45
colis-g2203_acrR_EC_MG1655,acrR_EC_MG1655
colis-g2204_acrR_SE_LT2,acrR_SE_LT2
colis-g2205_cpsS_PAO1,cprS_PAO1
colis-g2206_etk_EC_MG1655,etk_EC_MG1655
colis-g2207_parR_PAO1,parR_PAO1
colis-g2208_parS_PAO1,parS_PAO1
colis-g2209_phoP_EC_MG1655,phoP_EC_MG1655
colis-g2210_phop_PAO1,phoP_PAO1
colis-g2211_phoP_SE_CT18,phoP_SE_CT18
colis-g2212_phoP_SE_LT2,phoP_SE_LT2
colis-g2213_phoQ_EC_MG1655,phoQ_EC_MG1655
colis-g2214_phoQ_PAO1,phoQ_PAO1
colis-g2215_phoQ_SE_LT2,phoQ_SE_LT2
colis-g2216_pmrA_PAO1,pmrA_PAO1
colis-g2217_pmrA_SE_CT18,pmrA_SE_CT18
colis-g2218_pmrA-basR_EC_MG1655,pmrA-basR_EC_MG1655
colis-g2219_pmrB_PAO1,pmrB_PAO1
colis-g2220_pmrB_SE_CT18,pmrB_SE_CT18
colis-g2221_pmrA-basS_EC_MG1655,pmrB-basS_EC_MG1655
colis-g2222_soxR_EC_MG1655,soxR_EC_MG1655
colis-g2223_soxR_SE_LT2,soxR_SE_LT2
betaL-g2224_TEM-1a,TEM-1a
betaL-g2225_TEM-1b,TEM-1b
betaL-g2226_TEM-1c,TEM-1c
betaL-g2227_TEM-1d,TEM-1d
betaL-g2228_TEM-52b,TEM-52b
betaL-g2229_TEM-52c,TEM-52c
betaL-g2230_TEM-135-v2,TEM-135_v2
colis-g2231_mcr2,mcr-2
amino-g2232_rmtE1,rmtE1
amino-g2233_rmtE2,rmtE2
amino-g2234_rmtF,rmtF
amino-g2235_rmtG,rmtG
amino-g2236_rmtH,rmtH
amino-g2237_npmA,npmA
colis-g2238_mcr1-2,mcr-1.2
colis-g2239_mcr1-3,mcr-1.3
colis-g2240_mcr1-4,mcr-1.4
colis-g2241_mcr1-5,mcr-1.5
colis-g2242_mcr1-6,mcr-1.6
colis-g2243_mcr1-7,mcr-1.7
colis-g2244_mcr1-8,mcr-1.8
colis-g2245_mcr1-9,mcr1.9
colis-g2246_mcr1-10,mcr-1.10
colis-g2248_mcr2-2,mcr-2.2
colis-g2249_mcr6-1,mcr-6.1
colis-g2250_mcr3,mcr-3
Integ-g2251_int1,int1
Integ-g2252_int2,int2
Integ-g2253_int3,int3
colis-g2254_mcr4,mcr-4
colis-g2255_mcr-4.2,mcr-4.2 - incorrect
colis-g2256_mcr4-3,mcr-4.3
colis-g2257_mcr5-1,mcr-5.1
colis-g2258_mcr7-1,mcr-7.1
sulph-g2259_sul3-v1,sul3_1
sulph-g2260_sul3-v3,sul3_3
quino-g2261_qepA3,qepA3
quino-g2262_qepA4,qepA4
betaL-g2263_OXApulli,OXA'pulli'
pleur-g2264_tvaA,tva(A)
pleur-g2265_tvaB,tva(B)
pleur-g2266_tvaC,tva(C)
pleur-g2267_tvaD,tva(D)
quino-g2268_crpP,crpP
quino-g2269_qnrA8,qnrA8
quino-g2270_qnrD2,qnrD2
quino-g2271_qnrD3,qnrD3
quino-g2272_qnrE1,qnrE1
quino-g2273_qnrS9,qnrS9
quino-g2274_qnrVC1,qnrVC1
quino-g2275_qnrVC3,qnrVC3
quino-g2276_qnrVC4,qnrVC4
quino-g2277_qnrVC5,qnrVC5
quino-g2278_qnrVC6,qnrVC6
quino-g2279_qnrVC7,qnrVC7
quino-g2280_qnrB40,qnrB40
quino-g2281_qnrB41,qnrB41
quino-g2282_qnrB44,qnrB44
quino-g2283_qnrB45,qnrB45
quino-g2284_qnrB54,qnrB54
quino-g2285_qnrB55,qnrB55
quino-g2286_qnrB60,qnrB60
quino-g2287_qnrB61,qnrB61
quino-g2288_qnrB64,qnrB64
quino-g2289_qnrB65,qnrB65
quino-g2290_qnrB66,qnrB66
quino-g2291_qnrB67,qnrB67
quino-g2292_qnrB68,qnrB68
quino-g2293_qnrB69,qnrB69
quino-g2294_qnrB70,qnrB70
quino-g2295_qnrB71,qnrB71
quino-g2296_qnrB72,qnrB72
quino-g2297_qnrB73,qnrB73
quino-g2298_qnrB74,qnrB74
quino-g2299_qnrB75,qnrB75
quino-g2300_qnrB78,qnrB78
quino-g2301_qnrB81,qnrB81
quino-g2302_qnrB82,qnrB82
chlor-g2303_optrA,optrA
chlor-g2304_catB4,catB4
chlor-g2305_catB5,catB5
chlor-g2306_catB6,catB6
betaL-g2307_PNGM-1,PNGM-1
betaL-g2308_CAM-1,CAM-1
betaL-g2309_ACI-1,ACI-1
tetra-g2310_tet-A-v6,tetA(6)
glyco-g2311_VanF,VanF
amino-g2312_aac6_prime-Ib8,aac(6')-Ib8
tetra-g2313_tet-X2,tet(X2)
tetra-g2314_tet-X3,tetX3
tetra-g2315_tet-X3,tet(X3)
tetra-g2316_tet-X4,tet(X4)
colis-g2317_mcr8-1,mcr-8.1
tetra-g2318_tet-A-v1,tet(A)_1
tetra-g2319_tet-A-v3,tet(A)_3
tetra-g2320_tet-A-v4,tet(A)_4
tetra-g2321_tet-A-v5,tet(A)_5
tetra-g2322_tet-A-v7,tet(A)_7
tetra-g2323_tet-A-v8,tet(A)_8
tetra-g2324_tet-A-v9,tet(A)_9
tetra-g2325_tet-A-v10,tet(A)_10
tetra-g2327_tet-A-v12,tet(A)_12
tetra-g2328_tet-A-v13,tet(A)_13
tetra-g2329_tet-A46,tetA(46)_1
tetra-g2330_tet-A60,tetA(60)_1
tetra-g2331_tet-AP_v1,tetA(P)_1
tetra-g2332_tet-AP_v3,tetA(P)_3
colis-g2333_mcr9-1,mcr-9.1
colis-g2334_mcr10-1,MCR-10.1
colis-g2335_eptA,eptA
fosfo-g2336_fosD,fosD_1
fosfo-g2337_fosE,fosE_1
fosfo-g2338_fosF,fosF_1
fosfo-g2339_fosG,fosG_1
fosfo-g2340_fosK,fosK_1
chlor-g2341_fexB,fexB_1
chlor-g2342_poxtA,poxtA_1
amino-g2343_aadD,aadD_1
amino-g2344_aadE-Cc,aadE-Cc_1
amino-g2345_grmA,grmA_1
amino-g2346_grmB,grmB_1
amino-g2347_grmO,grmO_1
amino-g2348_kamB,kamB_1
amino-g2349_kgmB,kgmB_1
amino-g2350_kmr,kmr_1
amino-g2351_sgm,sgm_1
macro-g2352_carA,car(A)_1
macro-g2353_mefC,mef(C)_1
macro-g2354_mphF,mph(F)_1
macro-g2355_mphG,mph(G)_1
macro-g2356_mphI,mph(I)_1
macro-g2357_mphJ,mph(J)_1
macro-g2358_mphK,mph(K)_1
macro-g2359_mphN,mph(N)_1
macro-g2360_tlrC,tlr(C)_1
macro-g2361_lnuE,lnu(E)_1
macro-g2362_lnuG,lnu(G)_1
macro-g2363_lnuP,lnu(P)_1
macro-g2364_lsaA_v3,lsa(A)_3
macro-g2365_lsaE,lsa(E)_1
macro-g2366_salA,sal(A)_1
sulph-g2367_sul4,sul4_1
tetra-g2368_tet-O-32-O,tet(O/32/O)_1
tetra-g2369_tet-O-W-1,tet(O/W)-1_1
tetra-g2370_tet-O-W-32-O,tet(O/W/32/O)_1
tetra-g2371_tet-O-W-32-O-W-O,tet(O/W/32/O/W/O)_1
tetra-g2372_tet-O-W-O-1,tet(O/W/O)-1_1
tetra-g2373_tet-W-32-O,tet(W/32/O)_1
tetra-g2374_tet-X5,tet(X5)
tetra-g2375_tet-X6,tet(X6)
trime-g2376_dfrA34,dfrA34
trime-g2377_dfrA35,dfrA35
trime-g2378_dfrA36,dfrA36
nucle-g2379_tmrB,tmrB
quino-g2380_gyrA_salm,gyrA_salm
quino-g2381_gyrB_salm,gyrB_salm
quino-g2382_parC_salm,parC_salm
macro-g2383_linG,linG
quino-g2384_gyrA_campy,gyrA_campy
betaL-g2385_OXA-193,OXA-193
betaL-g2386_CTX-M-127,CTX-M-127
betaL-g2387_CTX-M-138,CTX-M-138
betaL-g2388_CTX-M-146,CTX-M-146
betaL-g2389_CTX-M-14b,CTX-M-14b
betaL-g2390_CTX-M-162,CTX-M-162
betaL-g2391_CTX-M-163,CTX-M-163
betaL-g2392_CTX-M-164,CTX-M-164
betaL-g2393_CTX-M-165,CTX-M-165
betaL-g2394_CTX-M-166,CTX-M-166
betaL-g2395_CTX-M-167,CTX-M-167
betaL-g2396_CTX-M-168,CTX-M-168
betaL-g2397_CTX-M-169,CTX-M-169
betaL-g2398_CTX-M-170,CTX-M-170
betaL-g2399_CTX-M-171,CTX-M-171
betaL-g2400_CTX-M-172,CTX-M-172
betaL-g2401_CTX-M-173,CTX-M-173
betaL-g2402_CTX-M-174,CTX-M-174
betaL-g2403_CTX-M-175,CTX-M-175
betaL-g2404_CTX-M-176,CTX-M-176
betaL-g2405_CTX-M-177,CTX-M-177
betaL-g2406_CTX-M-179,CTX-M-179
betaL-g2407_CTX-M-180,CTX-M-180
betaL-g2408_CTX-M-181,CTX-M-181
betaL-g2409_CTX-M-182,CTX-M-182
betaL-g2410_CTX-M-183,CTX-M-183
betaL-g2411_CTX-M-184,CTX-M-184
betaL-g2412_CTX-M-186,CTX-M-186
betaL-g2413_CTX-M-188,CTX-M-188
betaL-g2414_CTX-M-189,CTX-M-189
betaL-g2415_CTX-M-190,CTX-M-190
betaL-g2416_CTX-M-191,CTX-M-191
betaL-g2417_CTX-M-192,CTX-M-192
betaL-g2418_CTX-M-193,CTX-M-193
betaL-g2419_CTX-M-194,CTX-M-194
betaL-g2420_CTX-M-195,CTX-M-195
betaL-g2421_CTX-M-196,CTX-M-196
betaL-g2422_CTX-M-197,CTX-M-197
betaL-g2423_CTX-M-198,CTX-M-198
betaL-g2424_CTX-M-199,CTX-M-199
betaL-g2425_CTX-M-200,CTX-M-200
betaL-g2426_CTX-M-201,CTX-M-201
betaL-g2427_CTX-M-202,CTX-M-202
betaL-g2428_CTX-M-203,CTX-M-203
betaL-g2429_CTX-M-204,CTX-M-204
betaL-g2430_CTX-M-206,CTX-M-206
betaL-g2431_CTX-M-207,CTX-M-207
betaL-g2432_CTX-M-208,CTX-M-208
betaL-g2433_CTX-M-209,CTX-M-209
betaL-g2434_CTX-M-210,CTX-M-210
betaL-g2435_CTX-M-211,CTX-M-211
betaL-g2436_CTX-M-212,CTX-M-212
betaL-g2437_CTX-M-213,CTX-M-213
betaL-g2438_CTX-M-214,CTX-M-214
betaL-g2439_CTX-M-216,CTX-M-216
betaL-g2440_CTX-M-217,CTX-M-217
betaL-g2441_CTX-M-218,CTX-M-218
betaL-g2442_CTX-M-219,CTX-M-219
betaL-g2443_CTX-M-220,CTX-M-220
betaL-g2444_CTX-M-73,CTX-M-73
betaL-g2445_SHV-119,SHV-119
betaL-g2446_SHV-12,SHV-12
betaL-g2447_SHV-132,SHV-132
betaL-g2448_SHV-180,SHV-180
betaL-g2449_SHV-182,SHV-182
betaL-g2450_SHV-183,SHV-183
betaL-g2451_SHV-185,SHV-185
betaL-g2452_SHV-186,SHV-186
betaL-g2453_SHV-187,SHV-187
betaL-g2454_SHV-188,SHV-188
betaL-g2455_SHV-189,SHV-189
betaL-g2456_SHV-190,SHV-190
betaL-g2457_SHV-191,SHV-191
betaL-g2458_SHV-193,SHV-193
betaL-g2459_SHV-194,SHV-194
betaL-g2460_SHV-195,SHV-195
betaL-g2461_SHV-196,SHV-196
betaL-g2462_SHV-197,SHV-197
betaL-g2463_SHV-198,SHV-198
betaL-g2464_SHV-199,SHV-199
betaL-g2465_SHV-1b-b,SHV-1b-b
betaL-g2466_SHV-200,SHV-200
betaL-g2467_SHV-203,SHV-203
betaL-g2468_SHV-204,SHV-204
betaL-g2469_SHV-3,SHV-3
betaL-g2470_SHV-9,SHV-9
betaL-g2471_CMY-107,CMY-107
betaL-g2472_CMY-109,CMY-109
betaL-g2473_CMY-121,CMY-121
betaL-g2474_CMY-122,CMY-122
betaL-g2475_CMY-124,CMY-124
betaL-g2476_CMY-125,CMY-125
betaL-g2477_CMY-127,CMY-127
betaL-g2478_CMY-128,CMY-128
betaL-g2479_CMY-129,CMY-129
betaL-g2480_CMY-130,CMY-130
betaL-g2481_CMY-131,CMY-131
betaL-g2482_CMY-132,CMY-132
betaL-g2483_CMY-133,CMY-133
betaL-g2484_CMY-134,CMY-134
betaL-g2485_CMY-135,CMY-135
betaL-g2486_CMY-138,CMY-138
betaL-g2487_CMY-139,CMY-139
betaL-g2488_CMY-140,CMY-140
betaL-g2489_CMY-141,CMY-141
betaL-g2490_CMY-142,CMY-142
betaL-g2491_CMY-143,CMY-143
betaL-g2492_CMY-144,CMY-144
betaL-g2493_CMY-145,CMY-145
betaL-g2494_CMY-146,CMY-146
betaL-g2495_CMY-147,CMY-147
betaL-g2496_CMY-148,CMY-148
betaL-g2497_CMY-149,CMY-149
betaL-g2498_CMY-150,CMY-150
betaL-g2499_CMY-151,CMY-151
betaL-g2500_CMY-152,CMY-152
betaL-g2501_CMY-153,CMY-153
betaL-g2502_CMY-154,CMY-154
betaL-g2503_CMY-155,CMY-155
betaL-g2504_CMY-156,CMY-156
betaL-g2505_CMY-86,CMY-86
betaL-g2506_CMY-89,CMY-89
betaL-g2507_CMY-96,CMY-96
betaL-g2508_CMY-97,CMY-97
betaL-g2509_OXA-102,OXA-102
betaL-g2510_OXA-103,OXA-103
betaL-g2511_OXA-114b,OXA-114b
betaL-g2512_OXA-114c,OXA-114c
betaL-g2513_OXA-114d,OXA-114d
betaL-g2514_OXA-114e,OXA-114e
betaL-g2515_OXA-114f,OXA-114f
betaL-g2516_OXA-114g,OXA-114g
betaL-g2517_OXA-117,OXA-117
betaL-g2518_OXA-121,OXA-121
betaL-g2519_OXA-122,OXA-122
betaL-g2520_OXA-123,OXA-123
betaL-g2521_OXA-124,OXA-124
betaL-g2522_OXA-125,OXA-125
betaL-g2523_OXA-126,OXA-126
betaL-g2524_OXA-127,OXA-127
betaL-g2525_OXA-14,OXA-14
betaL-g2526_OXA-151,OXA-151
betaL-g2527_OXA-152,OXA-152
betaL-g2528_OXA-153,OXA-153
betaL-g2529_OXA-154,OXA-154
betaL-g2530_OXA-155,OXA-155
betaL-g2531_OXA-156,OXA-156
betaL-g2532_OXA-157,OXA-157
betaL-g2533_OXA-158,OXA-158
betaL-g2534_OXA-159,OXA-159
betaL-g2535_OXA-17,OXA-17
betaL-g2536_OXA-2_2,OXA-2_2
betaL-g2537_OXA-20,OXA-20
betaL-g2538_OXA-234,OXA-234
betaL-g2539_OXA-252,OXA-252
betaL-g2540_OXA-287,OXA-287
betaL-g2541_OXA-290,OXA-290
betaL-g2542_OXA-291,OXA-291
betaL-g2543_OXA-292,OXA-292
betaL-g2544_OXA-296,OXA-296
betaL-g2545_OXA-297,OXA-297
betaL-g2546_OXA-298,OXA-298
betaL-g2547_OXA-302,OXA-302
betaL-g2548_OXA-336,OXA-336
betaL-g2549_OXA-337,OXA-337
betaL-g2550_OXA-339,OXA-339
betaL-g2551_OXA-340,OXA-340
betaL-g2552_OXA-341,OXA-341
betaL-g2553_OXA-342,OXA-342
betaL-g2554_OXA-343,OXA-343
betaL-g2555_OXA-344,OXA-344
betaL-g2556_OXA-345,OXA-345
betaL-g2557_OXA-346,OXA-346
betaL-g2558_OXA-364,OXA-364
betaL-g2559_OXA-368,OXA-368
betaL-g2560_OXA-372,OXA-372
betaL-g2561_OXA-373,OXA-373
betaL-g2562_OXA-387,OXA-387
betaL-g2563_OXA-392,OXA-392
betaL-g2564_OXA-395,OXA-395
betaL-g2565_OXA-396,OXA-396
betaL-g2566_OXA-400,OXA-400
betaL-g2567_OXA-401,OXA-401
betaL-g2568_OXA-402,OXA-402
betaL-g2569_OXA-403,OXA-403
betaL-g2570_OXA-404,OXA-404
betaL-g2571_OXA-406,OXA-406
betaL-g2572_OXA-407,OXA-407
betaL-g2573_OXA-408,OXA-408
betaL-g2574_OXA-409,OXA-409
betaL-g2575_OXA-410,OXA-410
betaL-g2576_OXA-411,OXA-411
betaL-g2577_OXA-412,OXA-412
betaL-g2578_OXA-413,OXA-413
betaL-g2579_OXA-414,OXA-414
betaL-g2580_OXA-416,OXA-416
betaL-g2581_OXA-417,OXA-417
betaL-g2582_OXA-427,OXA-427
betaL-g2583_OXA-436,OXA-436
betaL-g2584_OXA-437,OXA-437
betaL-g2585_OXA-438,OXA-438
betaL-g2586_OXA-439,OXA-439
betaL-g2587_OXA-440,OXA-440
betaL-g2588_OXA-441,OXA-441
betaL-g2589_OXA-442,OXA-442
betaL-g2590_OXA-443,OXA-443
betaL-g2591_OXA-444,OXA-444
betaL-g2592_OXA-446,OXA-446
betaL-g2593_OXA-447,OXA-447
betaL-g2594_OXA-448,OXA-448
betaL-g2595_OXA-449,OXA-449
betaL-g2596_OXA-450,OXA-450
betaL-g2597_OXA-451,OXA-451
betaL-g2598_OXA-452,OXA-452
betaL-g2599_OXA-453,OXA-453
betaL-g2600_OXA-455,OXA-455
betaL-g2601_OXA-457,OXA-457
betaL-g2602_OXA-458,OXA-458
betaL-g2603_OXA-459,OXA-459
betaL-g2604_OXA-460,OXA-460
betaL-g2605_OXA-461,OXA-461
betaL-g2606_OXA-464,OXA-464
betaL-g2607_OXA-465,OXA-465
betaL-g2608_OXA-466,OXA-466
betaL-g2609_OXA-470,OXA-470
betaL-g2610_OXA-471,OXA-471
betaL-g2611_OXA-472,OXA-472
betaL-g2612_OXA-473,OXA-473
betaL-g2613_OXA-474,OXA-474
betaL-g2614_OXA-475,OXA-475
betaL-g2615_OXA-476,OXA-476
betaL-g2616_OXA-477,OXA-477
betaL-g2617_OXA-478,OXA-478
betaL-g2618_OXA-479,OXA-479
betaL-g2619_OXA-480,OXA-480
betaL-g2620_OXA-482,OXA-482
betaL-g2621_OXA-483,OXA-483
betaL-g2622_OXA-484,OXA-484
betaL-g2623_OXA-485,OXA-485
betaL-g2624_OXA-486,OXA-486
betaL-g2625_OXA-488,OXA-488
betaL-g2626_OXA-489,OXA-489
betaL-g2627_OXA-490,OXA-490
betaL-g2628_OXA-491,OXA-491
betaL-g2629_OXA-493,OXA-493
betaL-g2630_OXA-494,OXA-494
betaL-g2631_OXA-496,OXA-496
betaL-g2632_OXA-497,OXA-497
betaL-g2633_OXA-499,OXA-499
betaL-g2634_OXA-500,OXA-500
betaL-g2635_OXA-501,OXA-501
betaL-g2636_OXA-502,OXA-502
betaL-g2637_OXA-503,OXA-503
betaL-g2638_OXA-505,OXA-505
betaL-g2639_OXA-506,OXA-506
betaL-g2640_OXA-507,OXA-507
betaL-g2641_OXA-508,OXA-508
betaL-g2642_OXA-509,OXA-509
betaL-g2643_OXA-510,OXA-510
betaL-g2644_OXA-511,OXA-511
betaL-g2645_OXA-512,OXA-512
betaL-g2646_OXA-513,OXA-513
betaL-g2647_OXA-514,OXA-514
betaL-g2648_OXA-515,OXA-515
betaL-g2649_OXA-516,OXA-516
betaL-g2650_OXA-517,OXA-517
betaL-g2651_OXA-518,OXA-518
betaL-g2652_OXA-519,OXA-519
betaL-g2653_OXA-520,OXA-520
betaL-g2654_OXA-521,OXA-521
betaL-g2655_OXA-522,OXA-522
betaL-g2656_OXA-523,OXA-523
betaL-g2657_OXA-524,OXA-524
betaL-g2658_OXA-525,OXA-525
betaL-g2659_OXA-526,OXA-526
betaL-g2660_OXA-527,OXA-527
betaL-g2661_OXA-528,OXA-528
betaL-g2662_OXA-529,OXA-529
betaL-g2663_OXA-530,OXA-530
betaL-g2664_OXA-531,OXA-531
betaL-g2665_OXA-532,OXA-532
betaL-g2666_OXA-533,OXA-533
betaL-g2667_OXA-534,OXA-534
betaL-g2668_OXA-535,OXA-535
betaL-g2669_OXA-536,OXA-536
betaL-g2670_OXA-537,OXA-537
betaL-g2671_OXA-538,OXA-538
betaL-g2672_OXA-539,OXA-539
betaL-g2673_OXA-540,OXA-540
betaL-g2674_OXA-541,OXA-541
betaL-g2675_OXA-545,OXA-545
betaL-g2676_OXA-546,OXA-546
betaL-g2677_OXA-547,OXA-547
betaL-g2678_OXA-548,OXA-548
betaL-g2679_OXA-549,OXA-549
betaL-g2680_OXA-550,OXA-550
betaL-g2681_OXA-551,OXA-551
betaL-g2682_OXA-552,OXA-552
betaL-g2683_OXA-553,OXA-553
betaL-g2684_OXA-554,OXA-554
betaL-g2685_OXA-555,OXA-555
betaL-g2686_OXA-556,OXA-556
betaL-g2687_OXA-557,OXA-557
betaL-g2688_OXA-558,OXA-558
betaL-g2689_OXA-559,OXA-559
betaL-g2690_OXA-560,OXA-560
betaL-g2691_OXA-561,OXA-561
betaL-g2692_OXA-562,OXA-562
betaL-g2693_OXA-563,OXA-563
betaL-g2694_OXA-564,OXA-564
betaL-g2695_OXA-565,OXA-565
betaL-g2696_OXA-566,OXA-566
betaL-g2697_OXA-60b,OXA-60b
betaL-g2698_OXA-60c,OXA-60c
betaL-g2699_OXA-60d,OXA-60d
betaL-g2700_VIM-20,VIM-20
betaL-g2701_VIM-40,VIM-40
betaL-g2702_VIM-41,VIM-41
betaL-g2703_VIM-44,VIM-44
betaL-g2704_VIM-45,VIM-45
betaL-g2705_VIM-46,VIM-46
betaL-g2706_VIM-47,VIM-47
betaL-g2707_VIM-48,VIM-48
betaL-g2708_VIM-49,VIM-49
betaL-g2709_VIM-50,VIM-50
betaL-g2710_VIM-51,VIM-51
betaL-g2711_VIM-52,VIM-52
betaL-g2712_VIM-54,VIM-54
betaL-g2713_VIM-56,VIM-56
betaL-g2714_VIM-57,VIM-57
betaL-g2715_CARB-12,CARB-12
betaL-g2716_CARB-20,CARB-20
betaL-g2717_CARB-21,CARB-21
betaL-g2718_CARB-22,CARB-22
betaL-g2719_CARB-23,CARB-23
betaL-g2720_CARB-24,CARB-24
betaL-g2721_CARB-25,CARB-25
betaL-g2722_CARB-26,CARB-26
betaL-g2723_CARB-27,CARB-27
betaL-g2724_CARB-28,CARB-28
betaL-g2725_CARB-29,CARB-29
betaL-g2726_CARB-30,CARB-30
betaL-g2727_CARB-31,CARB-31
betaL-g2728_CARB-32,CARB-32
betaL-g2729_CARB-33,CARB-33
betaL-g2730_CARB-34,CARB-34
betaL-g2731_CARB-35,CARB-35
betaL-g2732_CARB-36,CARB-36
betaL-g2733_CARB-38,CARB-38
betaL-g2734_CARB-40,CARB-40
betaL-g2735_CARB-41,CARB-41
betaL-g2736_CARB-42,CARB-42
betaL-g2737_CARB-43,CARB-43
betaL-g2738_CARB-44,CARB-44
betaL-g2739_CARB-45,CARB-45
betaL-g2740_CARB-46,CARB-46
betaL-g2741_CARB-47,CARB-47
betaL-g2742_CARB-48,CARB-48
betaL-g2743_CARB-49,CARB-49
betaL-g2744_CARB-50,CARB-50
betaL-g2745_DHA-23,DHA-23
betaL-g2746_DHA-24,DHA-24
betaL-g2747_DHA-25,DHA-25
betaL-g2748_DHA-26,DHA-26
betaL-g2749_DHA-27,DHA-27
betaL-g2750_DHA-4,DHA-4
betaL-g2751_IMP-17,IMP-17
betaL-g2752_IMP-23,IMP-23
betaL-g2753_IMP-49,IMP-49
betaL-g2754_IMP-52,IMP-52
betaL-g2755_IMP-53,IMP-53
betaL-g2756_IMP-54,IMP-54
betaL-g2757_IMP-55,IMP-55
betaL-g2758_IMP-56,IMP-56
betaL-g2759_IMP-58,IMP-58
betaL-g2760_IMP-59,IMP-59
betaL-g2761_IMP-60,IMP-60
betaL-g2762_IMP-61,IMP-61
betaL-g2763_IMP-62,IMP-62
betaL-g2764_IMP-63,IMP-63
betaL-g2765_IMP-64,IMP-64
betaL-g2766_IMP-66,IMP-66
betaL-g2767_IMP-67,IMP-67
betaL-g2768_IMP-68,IMP-68
betaL-g2769_IMP-70,IMP-70
betaL-g2770_IMP-71,IMP-71
betaL-g2771_IMP-73,IMP-73
betaL-g2772_IMP-74,IMP-74
betaL-g2773_IMP-75,IMP-75
betaL-g2774_KPC-18,KPC-18
betaL-g2775_KPC-21,KPC-21
betaL-g2776_KPC-23,KPC-23
betaL-g2777_KPC-25,KPC-25
betaL-g2778_KPC-26,KPC-26
betaL-g2779_KPC-27,KPC-27
betaL-g2780_KPC-28,KPC-28
betaL-g2781_KPC-29,KPC-29
betaL-g2782_KPC-30,KPC-30
betaL-g2783_KPC-31,KPC-31
betaL-g2784_KPC-32,KPC-32
betaL-g2785_KPC-33,KPC-33
betaL-g2786_KPC-34,KPC-34
betaL-g2787_KPC-35,KPC-35
betaL-g2788_KPC-36,KPC-36
betaL-g2789_KPC-37,KPC-37
betaL-g2790_KPC-38,KPC-38
betaL-g2791_KPC-39,KPC-39
betaL-g2792_KPC-41,KPC-41
betaL-g2793_NDM-11,NDM-11
betaL-g2794_NDM-15,NDM-15
betaL-g2795_NDM-16,NDM-16
betaL-g2796_NDM-17,NDM-17
betaL-g2797_NDM-18,NDM-18
betaL-g2798_NDM-19,NDM-19
betaL-g2799_NDM-20,NDM-20
betaL-g2800_NDM-21,NDM-21
betaL-g2801_NDM-22,NDM-22
betaL-g2802_NDM-23,NDM-23
betaL-g2803_NDM-24,NDM-24
betaL-g2804_TEM-102,TEM-102
betaL-g2805_TEM-181,TEM-181
betaL-g2806_TEM-19,TEM-19
betaL-g2807_TEM-191,TEM-191
betaL-g2808_TEM-196,TEM-196
betaL-g2809_TEM-210,TEM-210
betaL-g2810_TEM-212,TEM-212
betaL-g2811_TEM-224,TEM-224
betaL-g2812_TEM-225,TEM-225
betaL-g2813_TEM-226,TEM-226
betaL-g2814_TEM-227,TEM-227
betaL-g2815_TEM-229,TEM-229
betaL-g2816_TEM-230,TEM-230
betaL-g2817_TEM-231,TEM-231
betaL-g2818_TEM-232,TEM-232
betaL-g2819_TEM-233,TEM-233
betaL-g2820_TEM-234,TEM-234
betaL-g2821_TEM-26,TEM-26
betaL-g2822_TEM-32,TEM-32
betaL-g2823_TEM-35,TEM-35
betaL-g2824_TEM-36,TEM-36
betaL-g2825_TEM-4,TEM-4
betaL-g2826_TEM-40,TEM-40
betaL-g2827_TEM-9,TEM-9
fosfo-g2828_fosA6,fosA6
fosfo-g2829_fosA7,fosA7
fosfo-g2830_fosA7.5,fosA7.5
colis-g2831_mcr1-11,mcr-1.11
colis-g2832_mcr1-12,mcr-1.12
colis-g2833_mcr1-13,mcr-1.13
colis-g2834_mcr1-14,mcr-1.14
colis-g2835_mcr1-26,mcr-1.26
colis-g2836_mcr1-27,mcr-1.27
colis-g2837_mcr1-9,mcr-1.9
colis-g2838_mcr3-10,mcr-3.10
colis-g2839_mcr3-11,mcr-3.11
colis-g2840_mcr3-12,mcr-3.12
colis-g2841_mcr3-13,mcr-3.13
colis-g2842_mcr3-14,mcr-3.14
colis-g2843_mcr3-15,mcr-3.15
colis-g2844_mcr3-16,mcr-3.16
colis-g2845_mcr3-17,mcr-3.17
colis-g2846_mcr3-18,mcr-3.18
colis-g2847_mcr3-19,mcr-3.19
colis-g2848_mcr3-2,mcr-3.2
colis-g2849_mcr3-20,mcr-3.20
colis-g2850_mcr3-21,mcr-3.21
colis-g2851_mcr3-22,mcr-3.22
colis-g2852_mcr3-23,mcr-3.23
colis-g2853_mcr3-24,mcr-3.24
colis-g2854_mcr3-25,mcr-3.25
colis-g2855_mcr3-3,mcr-3.3
colis-g2856_mcr3-4,mcr-3.4
colis-g2857_mcr3-5,mcr-3.5
colis-g2858_mcr3-6,mcr-3.6
colis-g2859_mcr3-7,mcr-3.7
colis-g2860_mcr3-8,mcr-3.8
colis-g2861_mcr3-9,mcr-3.9
colis-g2862_mcr4-1,mcr-4.1
colis-g2863_mcr4-2,mcr-4.2
colis-g2864_mcr4-4,mcr-4.4
colis-g2865_mcr4-5,mcr-4.5
colis-g2866_mcr4-6,mcr-4.6
colis-g2867_mcr5-2,mcr-5.2
rifam-g2868_arr-8,arr-8
amino-g2869_aph4-Ib,aph(4)-Ib
quino-g2870_qnrS11,qnrS11
quino-g2871_qnrS12,qnrS12
quino-g2872_qnrS13,qnrS13
quino-g2873_qnrS4,qnrS4
trime-g2874_dfrE,dfrE
amino-g2875_ant2-Ia,ant(2'')-Ia
amino-g2876_ant4_Ib,ant(4')-Ib
amino-g2877_aac2_Iia,aac(2')-IIa
amino-g2878_aac2_Id,aac(2')-Id
amino-g2879_aac2_Ie,aac(2')-Ie
amino-g2880_aac3-Ig,aac(3)-Ig
amino-g2881_aac3-Ih,aac(3)-Ih
amino-g2882_aac3-Ii,aac(3)-Ii
amino-g2883_aac6_Iag,aac(6')-Iag
amino-g2884_aac6_Iaj,aac(6')-Iaj
amino-g2885_aac6_Ian,aac(6')-Ian
amino-g2886_aph2_If,aph(2'')-If
amino-g2887_aph2_Ig,aph(2'')-Ig
amino-g2888_aph2-Ih,aph(2'')-Ih
amino-g2889_aph3_Id,aph(3')-Id
amino-g2890_aph3_IIc,aph(3')-IIc
amino-g2891_aph3_IX,aph(3')-IX
amino-g2892_aph3_VIII,aph(3')-VIII
fosfo-g2893_fosB1,fosB1
fosfo-g2894_fosB2,fosB2
fosfo-g2895_fosL1,fosL1
fosfo-g2896_fosX_v3,fosX_v3
fosfo-g2897_fosX_v4,fosX_v4
trime-g2898_dfrA18,dfrA18
betaL-g2899_FRI-1,FRI-1
betaL-g2900_FRI-2,FRI-2
betaL-g2901_FRI-3,FRI-3
betaL-g2902_FRI-4,FRI-4
betaL-g2903_FRI-5,FRI-5
betaL-g2904_GMB-1,GMB-1
betaL-g2905_LMB-1,LMB-1
betaL-g2906_PAM-1,PAM-1
betaL-g2907_PAO,PAO
betaL-g2908_PAU-1,PAU-1
betaL-g2909_PEDO-1,PEDO-1
betaL-g2910_PEDO-2,PEDO-2
betaL-g2911_PEDO-3,PEDO-3
betaL-g2912_SPG-1,SPG-1
betaL-g2913_VCC-1,VCC-1
betaL-g2914_VMB-1,VMB-1
betaL-g2915_VMB-2,VMB-2
chlor-g2916_catT,catT
betaL-g2917_BKC_1,BKC_1
chlor-g2918_cfrB_1,cfr(B)_1
chlor-g2919_cfrB_2,cfr(B)_2
chlor-g2920_cfrB_3,cfr(B)_3
chlor-g2921_cfrC_1,cfr(C)_1
chlor-g2922_cfrC_2,cfr(C)_2
chlor-g2923_CfrD_1,Cfr(D)_1
chlor-g2924_CfrE_1,Cfr(E)_1
macro-g2925_ereD,ere(D)
trime-g2926_dfrA38,dfrA38
trime-g2927_dfrA39,dfrA39
trime-g2928_dfrA42,dfrA42
trime-g2929_dfrA43,dfrA43
macro-g2930_erm-43,Erm(43)
macro-g2931_erm-44,Erm(44)
macro-g2932_erm-45,erm(45)
macro-g2933_erm-46,erm(46)
macro-g2934_erm-47,Erm(47)
macro-g2935_erm-48,Erm(48)
macro-g2936_erm-49,Erm(49)
macro-g2937_erm-50,Erm(50)
macro-g2938_erm-51,Erm(51)
macro-g2939_erm-52,Erm(52)
fosfo-g2940_fosM1,FosM1
fosfo-g2941_fosM2,FosM2
fosfo-g2942_fosM3,FosM3
betaL-g2943_OXA-542,OXA-542
betaL-g2944_OXA-568,OXA-568
betaL-g2945_OXA-664,OXA-664
betaL-g2946_OXA-665,OXA-665
betaL-g2947_OXA-679,OXA-679
betaL-g2948_OXA-727,OXA-727
betaL-g2949_OXA-728,OXA-728
betaL-g2950_OXA-730,OXA-730
betaL-g2951_OXA-830,OXA-830
betaL-g2952_OXA-837,OXA-837
betaL-g2953_OXA-900,OXA-900
betaL-g2954_OXA-919,OXA-919
betaL-g2955_OXA-926,OXA-926
betaL-g2956_OXA-946,OXA-946
betaL-g2957_OXA-947,OXA-947
betaL-g2958_OXA-948,OXA-948
betaL-g2959_OXA-949,OXA-949
tetra-g2960_tet-47,tet(47)
tetra-g2961_tet-48,tet(48)
tetra-g2962_tet-49,tet(49)
tetra-g2963_tet-50,tet(50)
tetra-g2964_tet-51,tet(51)
tetra-g2965_tet-52,tet(52)
tetra-g2966_tet-53,tet(53)
tetra-g2967_tet-54,tet(54)
tetra-g2968_tet-55,tet(55)
tetra-g2969_tet-56,tet(56)
tetra-g2970_tet-X1,tet(X1)
tetra-g2971_tetB-46,tetB(46)
tetra-g2972_tetB-60,tetB(60)
betaL-g2973_CTX-M-11,CTX-M-11
chlor-g2974_catP,catP
fosfo-g2975_fosA5,fosA5
macro-g2976_lsaA,lsa(A)
macro-g2977_mefE,mef(E)
macro-g2978_vgaD,vga(D)
macro-g2979_vatH,vat(H)
quino-g2980_qnrB16,qnrB16
quino-g2981_qnrB9,qnrB9 
quino-g2982_qnrB11_1,qnrB11
quino-g2983_qnrS10,qnrS10
sulph-g2984_sul1-v35,sul1_v35
trime-g2985_dfrA19,dfrA19
sulph-g2986_sul1-v34,sul1_34
amino-g2987_aac6-Iao,AAC(6')-Iao
amino-g2988_aac3-If,aac(3)-If
amino-g2989_aac3-XI,aac(3)-XI
amino-g2990_aac6-Iak,aac(6')-Iak
amino-g2991_aadA27,aadA27
amino-g2992_aadA31,aadA31
amino-g2993_ant3-Ib,ANT(3'')-Ib
amino-g2994_ant3-IIa,ANT(3'')-Iia
amino-g2995_ant3-IIb,ANT(3'')-IIb
amino-g2996_ant3-IIc,ANT(3'')-IIc
amino-g2997_ant6-Ia_3,ant(6)-Ia_3
amino-g2998_ant9-Ic,ANT(9)-Ic
amino-g2999_aph3-XV,aph(3')-XV
amino-g3000_aph9-Ic,APH(9)-Ic
amino-g3001_spd,spd
betaL-g3002_ACC-3,ACC-3
betaL-g3003_ACT-16,ACT-16
betaL-g3004_AMZ-1,AMZ-1
betaL-g3005_ARL-1,ARL-1
betaL-g3006_ARL-2,ARL-2
betaL-g3007_ARL-3,ARL-3
betaL-g3008_ARL-4,ARL-4
betaL-g3009_ARL-5,ARL-5
betaL-g3010_ARL-6,ARL-6
betaL-g3011_BIM-1,BIM-1
betaL-g3012_cfxA-3,cfxA-3
betaL-g3013_CMG-1,CMG-1
betaL-g3014_CMY-12,CMY-12
betaL-g3015_CMY-29,CMY-29
betaL-g3016_CMY-30,CMY-30
betaL-g3017_CMY-87,CMY-87
betaL-g3018_CTX-M-110,CTX-M-110
betaL-g3019_CTX-M-74,CTX-M-74
betaL-g3020_CTX-M-75,CTX-M-75
betaL-g3021_FRI-8,FRI-8
betaL-g3022_GES-23,GES-23
betaL-g3023_GOB-2,GOB-2
betaL-g3024_GOB-3,GOB-3
betaL-g3025_GOB-6,GOB-6
betaL-g3026_GOB-7,GOB-7
betaL-g3027_IMI-5,IMI-5
betaL-g3028_KBL-1,KBL-1
betaL-g3029_KPC-25,KPC-25
betaL-g3030_LEN-10,LEN-10
betaL-g3031_LEN-11,LEN-11
betaL-g3032_LEN-12,LEN-12
betaL-g3033_LEN-13,LEN-13
betaL-g3034_LEN-3,LEN-3
betaL-g3035_LEN-4,LEN-4
betaL-g3036_LEN-7,LEN-7
betaL-g3037_LEN-8,LEN-8
betaL-g3038_LEN-9,LEN-9
betaL-g3039_MAB-1,MAB-1
betaL-g3040_mecA,mecA
betaL-g3041_mecB,mecB
betaL-g3042_mecC,mecC
betaL-g3043_blaZ-mecCtype,mecC-type blaZ
betaL-g3044_mecD,mecD
betaL-g3045_OKP-B-12,OKP-B-12
betaL-g3046_OKP-B-14,OKP-B-14
betaL-g3047_OXA-104,OXA-104
betaL-g3048_OXA-1186,OXA-1186
betaL-g3049_OXA-16,OXA-16
betaL-g3050_OXA-194,OXA-194
betaL-g3051_OXA-195,OXA-195
betaL-g3052_OXA-196,OXA-196
betaL-g3053_OXA-197,OXA-197
betaL-g3054_OXA-34,OXA-34
betaL-g3055_OXA-410,OXA-410
betaL-g3056_OXA-499,OXA-499
betaL-g3057_OXA-72,OXA-72
betaL-g3058_OXA-85,OXA-85
betaL-g3059_PER-5,PER-5
betaL-g3060_PRC-1,PRC-1
betaL-g3061_RAHN-2,RAHN-2
betaL-g3062_SGM-1,SGM-1
betaL-g3063_SGM-2,SGM-2
betaL-g3064_SGM-4,SGM-4
betaL-g3065_SGM-5,SGM-5
betaL-g3066_SGM-6,SGM-6
betaL-g3067_SGM-7,SGM-7
betaL-g3068_SHV-147,SHV-147
betaL-g3069_SHV-148,SHV-148
betaL-g3070_SHV-149,SHV-149
betaL-g3071_SHV-150,SHV-150
betaL-g3072_SHV-151,SHV-151
betaL-g3073_SHV-152,SHV-152
betaL-g3074_SHV-153,SHV-153
betaL-g3075_SHV-154,SHV-154
betaL-g3076_SHV-155,SHV-155
betaL-g3077_SHV-158,SHV-158
betaL-g3078_SHV-159,SHV-159
betaL-g3079_SHV-162,SHV-162
betaL-g3080_SHV-163,SHV-163
betaL-g3081_SHV-165,SHV-165
betaL-g3082_SHV-6,SHV-6
betaL-g3083_TEM-169,TEM-169
betaL-g3084_TEM-205,TEM-205
betaL-g3085_TEM-21,TEM-21
betaL-g3086_TEM-22,TEM-22
betaL-g3087_TEM-29,TEM-29
betaL-g3088_TLA-1,TLA-1
betaL-g3089_YRC-1,YRC-1
betaL-g3090_ZEG-1,ZEG-1
fosfo-g3091_fosY,fosY
glyco-g3092_VanN,VanN
glyco-g3093_VanY-A,VanY-A
macro-g3094_erm-54,erm(54)
macro-g3095_lsaD,lsaD Lactococcus garvieae
macro-g3096_vgaC,vgaC
macro-g3097_vgaE,vgaE
macro-g3098_vmlR,vmlR2
quino-g3099_qnrB89,qnrB89
quino-g3100_qnrS3,qnrS3 
tetra-g3101_tet-57,tet(57)
tetra-g3102_tet-59,tet(59)
tetra-g3103_tet-G1,tet(G)_1
tetra-g3104_tet-G2,tet(G)_2
tetra-g3105_tet-G3,tet(G)_3
tetra-g3106_tet-M_saur,tet-M_saur
tetra-s0022_tet-M_saur,tet-M_saur
trime-g3107_dfrF_efae,dfrF (Enterococcus faecium)
trime-g3108_dfrL,dfrL
nitro-g3109_nfsA_Salm_Chr,nfsA_Salm
nitro-g3110_nfsB_Salm_Chr,nfsB_Salm
PlasR-p0001_Col-BS512,Col-BS512
PlasR-p0002_Col-IMGS31,Col-IMGS31
PlasR-p0003_Col-IRGK,Col-IRGK
PlasR-p0004_Col-KPHS6,Col-KPHS6
PlasR-p0005_Col-MG828,Col-MG828
PlasR-p0006_Col-MGD2,Col-MGD2
PlasR-p0007_Col-MP18,Col-MP18
PlasR-p0008_Col-pWES,Col-pWES
PlasR-p0009_Col-SD853,Col-SD853
PlasR-p0010_Col-VCM04,Col-VCM04
PlasR-p0011_Col-YC,Col-YC
PlasR-p0012_Col-Ye4449,Col-Ye4449
PlasR-p0013_Col-YF2760,Col-YF2760
PlasR-p0014_Col-156,Col-156
PlasR-p0015_Col-3M,Col-3M
PlasR-p0016_Col-8282,Col-8282
PlasR-p0017_Col-E1,Col-E1
PlasR-p0018_Col-KP3,Col-KP3
PlasR-p0019_Col-pVC,Col-pVC
PlasR-p0020_Col-RNAI,Col-RNAI
PlasR-p0021_FIA,IncFIA
PlasR-p0022_FII,IncFII
PlasR-p0023_IncAC,IncAC
PlasR-p0024_IncAC2,IncAC2
PlasR-p0025_IncBOKZ,IncBOKZ
PlasR-p0026_IncBOKZ,IncBOKZ
PlasR-p0027_IncBOKZ,IncBOKZ
PlasR-p0028_IncBOKZ,IncBOKZ
PlasR-p0029_FIA,IncFIA
PlasR-p0030_FIA,IncFIA
PlasR-p0031_FIB,IncFIB
PlasR-p0032_FIB,IncFIB
PlasR-p0033_FIB,IncFIB
PlasR-p0034_FIB,IncFIB
PlasR-p0035_FIB,IncFIB
PlasR-p0036_FIB,IncFIB
PlasR-p0037_FIB,IncFIB
PlasR-p0038_FIB,IncFIB
PlasR-p0039_FIB,IncFIB
PlasR-p0040_FIB,IncFIB
PlasR-p0041_FIB,IncFIB
PlasR-p0042_FIB,IncFIB
PlasR-p0043_FIB,IncFIB
PlasR-p0044_FIB,IncFIB
PlasR-p0045_FIC,IncFIC
PlasR-p0046_FII,IncFII
PlasR-p0047_FII,IncFII
PlasR-p0048_FII,IncFII
PlasR-p0049_FII,IncFII
PlasR-p0050_FII,IncFII
PlasR-p0051_FII,IncFII
PlasR-p0052_FII,IncFII
PlasR-p0053_FII,IncFII
PlasR-p0054_FII,IncFII
PlasR-p0055_FII,IncFII
PlasR-p0056_FII,IncFII
PlasR-p0057_FII,IncFII
PlasR-p0058_FII,IncFII
PlasR-p0059_FII,IncFII
PlasR-p0060_FII,IncFII
PlasR-p0061_FII,IncFII
PlasR-p0062_FII,IncFII
PlasR-p0063_FII,IncFII
PlasR-p0064_FII,IncFII
PlasR-p0065_FII,IncFII
PlasR-p0066_FII,IncFII
PlasR-p0067_FII,IncFII
PlasR-p0068_FII,IncFII
PlasR-p0069_FII,IncFII
PlasR-p0070_HI1A,IncHI1A
PlasR-p0071_HI1A,IncHI1A
PlasR-p0072_HI1B,IncHI1B
PlasR-p0073_HI1B,IncHI1B
PlasR-p0074_HI1B,IncHI1B
PlasR-p0075_HI2,IncHI2
PlasR-p0076_HI2A,IncHI2A
PlasR-p0077_I1,IncI1
PlasR-p0078_I2,IncI2
PlasR-p0079_I2,IncI2
PlasR-p0080_IncLM,IncLM
PlasR-p0081_IncLM,IncLM
PlasR-p0082_IncLM,IncLM
PlasR-p0083_IncN,IncN
PlasR-p0084_IncN2,IncN2
PlasR-p0085_IncN3,IncN3
PlasR-p0086_IncP1,IncP1
PlasR-p0087_IncP1,IncP1
PlasR-p0088_IncP1,IncP1
PlasR-p0089_IncP6,IncP6
PlasR-p0090_IncQ1,IncQ1
PlasR-p0091_IncQ2,IncQ2
PlasR-p0092_IncR,IncR
PlasR-p0093_IncT,IncT
PlasR-p0094_IncU,IncU
PlasR-p0095_IncW,IncW
PlasR-p0096_IncX1,IncX1
PlasR-p0097_IncX1,IncX1
PlasR-p0098_IncX1,IncX1
PlasR-p0099_IncX1,IncX1
PlasR-p0100_IncX2,IncX2
PlasR-p0101_IncX3,IncX3
PlasR-p0102_IncX3,IncX3
PlasR-p0103_IncX4,IncX4
PlasR-p0104_IncX4,IncX4
PlasR-p0105_IncX5,IncX5
PlasR-p0106_IncX6,IncX6
PlasR-p0107_IncX7,IncX7
PlasR-p0108_IncX8,IncX8
PlasR-p0109_IncX9,IncX9
PlasR-p0110_IncY,IncY
PlasR-p0111_p0111,p0111
PlasR-p0112_pADAP,pADAP
PlasR-p0113_pEC4115,pEC4115
PlasR-p0114_pENTAS02,pENTAS02
PlasR-p0115_pESA2,pESA2
PlasR-p0116_p153,p153
PlasR-p0117_p59,p59
PlasR-p0118_pIP32953,pIP32953
PlasR-p0119_pJARS36,pJARS36
PlasR-p0120_pSL483,pSL483
PlasR-p0121_pSM22,pSM22
PlasR-p0122_pXuzhou21,pXuzhou21
PlasR-p0123_pYE854,pYE854
PlasR-p0124_Rep,Rep
PlasR-p0125_RepA,RepA
PlasR-p0126_RepA,RepA
PlasR-p0127_RepA,RepA
PlasR-p0128_IncX5,IncX5
PlasR-p0129_FII,IncFII
PlasR-p0130_IncQ1,IncQ1
PlasR-p0134_Col-440I,Col-440I
PlasR-p0135_Col-440II,Col-440II
PlasR-p0136_IncI-G,IncI-G
betaL-g2225_TEM-1b,TEM-1b
betaL-g2226_TEM-1c,TEM-1c
betaL-g2227_TEM-1d,TEM-1d
betaL-g2228_TEM-52b,TEM-52b
betaL-g2229_TEM-52c,TEM-52c
